6.26;44.00;0.00
0.56;37.00;0.00
9.12;47.00;0.00
3.58;9.00;0.00
5.01;19.00;0.00
1.19;7.00;0.00
9.18;42.00;0.00
4.83;6.00;0.00
1.09;15.00;0.00
1.66;5.00;0.00
1.50;5.00;0.00
1.49;32.00;0.00
3.86;24.00;0.00
1.46;23.00;0.00
9.34;26.00;0.00
9.86;23.00;0.00
9.63;13.00;1.00
2.43;36.00;0.00
5.33;1.00;0.00
7.14;38.00;0.00
4.59;44.00;0.00
6.12;39.00;0.00
9.69;32.00;0.00
3.12;10.00;0.00
2.96;7.00;0.00
3.94;2.00;0.00
3.46;35.00;0.00
0.00;28.00;0.00
4.76;37.00;0.00
1.58;28.00;0.00
9.70;22.00;0.00
3.32;17.00;0.00
0.46;37.00;0.00
8.62;16.00;1.00
5.72;29.00;0.00
4.98;10.00;0.00
9.38;44.00;0.00
9.89;10.00;1.00
4.43;12.00;0.00
7.01;49.00;0.00
6.83;19.00;0.00
3.92;38.00;0.00
2.42;0.00;0.00
6.32;46.00;0.00
3.50;14.00;0.00
4.96;41.00;0.00
0.79;1.00;0.00
8.51;38.00;0.00
1.67;10.00;0.00
6.17;5.00;1.00
9.21;41.00;0.00
4.54;41.00;0.00
4.94;43.00;0.00
7.62;11.00;1.00
5.65;22.00;0.00
8.57;48.00;0.00
6.38;7.00;1.00
2.54;48.00;0.00
7.28;9.00;1.00
7.34;7.00;1.00
2.45;38.00;0.00
8.58;10.00;1.00
6.19;44.00;0.00
8.43;0.00;1.00
3.14;28.00;0.00
8.59;48.00;0.00
1.65;33.00;0.00
4.90;25.00;0.00
6.02;4.00;1.00
8.64;12.00;1.00
1.74;22.00;0.00
1.01;46.00;0.00
2.06;16.00;0.00
4.75;46.00;0.00
2.89;37.00;0.00
1.02;33.00;0.00
8.84;40.00;0.00
9.01;24.00;0.00
4.65;19.00;0.00
2.47;9.00;0.00
9.69;35.00;0.00
5.71;11.00;0.00
1.08;26.00;0.00
5.48;13.00;0.00
7.16;25.00;0.00
7.65;3.00;1.00
5.82;21.00;0.00
3.38;13.00;0.00
6.51;49.00;0.00
9.83;14.00;1.00
3.49;30.00;0.00
6.63;34.00;0.00
6.06;26.00;0.00
1.87;13.00;0.00
5.95;49.00;0.00
1.06;21.00;0.00
7.00;21.00;0.00
6.05;4.00;1.00
7.87;0.00;1.00
0.93;14.00;0.00
8.16;36.00;0.00
0.59;28.00;0.00
1.02;29.00;0.00
5.02;31.00;0.00
7.49;47.00;0.00
5.76;37.00;0.00
6.79;13.00;1.00
8.55;6.00;1.00
2.58;3.00;0.00
9.01;9.00;1.00
6.08;35.00;0.00
0.68;34.00;0.00
2.38;18.00;0.00
2.60;20.00;0.00
4.79;40.00;0.00
5.04;16.00;0.00
9.59;29.00;0.00
8.33;29.00;0.00
2.87;4.00;0.00
4.29;3.00;0.00
3.66;6.00;0.00
4.80;13.00;0.00
7.75;43.00;0.00
3.87;16.00;0.00
7.87;15.00;1.00
4.78;26.00;0.00
4.80;20.00;0.00
7.01;8.00;1.00
5.63;12.00;0.00
7.00;30.00;0.00
7.09;16.00;1.00
1.13;36.00;0.00
5.11;24.00;0.00
3.37;39.00;0.00
0.49;40.00;0.00
2.31;8.00;0.00
5.37;15.00;0.00
6.20;7.00;1.00
5.95;21.00;0.00
1.19;14.00;0.00
1.58;28.00;0.00
6.93;0.00;1.00
9.53;48.00;0.00
2.31;4.00;0.00
0.43;18.00;0.00
9.48;48.00;0.00
1.22;15.00;0.00
2.61;23.00;0.00
0.23;45.00;0.00
0.14;13.00;0.00
6.22;5.00;1.00
0.30;47.00;0.00
6.58;29.00;0.00
8.73;46.00;0.00
9.39;4.00;1.00
4.12;28.00;0.00
8.77;9.00;1.00
9.02;34.00;0.00
6.18;39.00;0.00
5.14;10.00;0.00
0.18;32.00;0.00
1.27;31.00;0.00
4.83;41.00;0.00
7.71;44.00;0.00
2.16;31.00;0.00
1.44;14.00;0.00
3.22;44.00;0.00
8.63;21.00;0.00
1.24;11.00;0.00
9.09;45.00;0.00
9.40;15.00;1.00
2.35;19.00;0.00
4.25;9.00;0.00
0.17;15.00;0.00
0.85;37.00;0.00
3.25;28.00;0.00
4.99;6.00;0.00
9.18;30.00;0.00
7.40;34.00;0.00
9.27;12.00;1.00
6.66;0.00;1.00
7.33;45.00;0.00
6.29;35.00;0.00
6.29;34.00;0.00
9.33;43.00;0.00
4.51;12.00;0.00
1.71;42.00;0.00
2.64;18.00;0.00
5.29;22.00;0.00
0.07;17.00;0.00
2.16;22.00;0.00
5.11;14.00;0.00
3.43;43.00;0.00
6.34;39.00;0.00
8.98;10.00;1.00
0.01;8.00;0.00
7.34;24.00;0.00
7.19;32.00;0.00
5.35;7.00;0.00
1.16;41.00;0.00
1.14;34.00;0.00
0.09;5.00;0.00
1.42;13.00;0.00
3.95;48.00;0.00
9.92;38.00;0.00
3.80;3.00;0.00
5.80;22.00;0.00
2.29;20.00;0.00
9.40;13.00;1.00
9.07;40.00;0.00
9.18;13.00;1.00
2.35;6.00;0.00
4.22;46.00;0.00
0.31;49.00;0.00
8.22;34.00;0.00
5.16;23.00;0.00
0.65;40.00;0.00
0.45;31.00;0.00
9.28;41.00;0.00
4.24;15.00;0.00
5.97;20.00;0.00
8.18;21.00;0.00
4.33;36.00;0.00
1.93;16.00;0.00
5.30;15.00;0.00
6.12;26.00;0.00
9.55;28.00;0.00
0.79;0.00;0.00
0.38;2.00;0.00
0.07;8.00;0.00
1.64;29.00;0.00
4.65;34.00;0.00
3.99;36.00;0.00
4.34;18.00;0.00
6.96;7.00;1.00
7.13;28.00;0.00
3.39;39.00;0.00
0.82;36.00;0.00
9.03;34.00;0.00
5.29;30.00;0.00
4.86;43.00;0.00
0.54;9.00;0.00
6.33;3.00;1.00
0.94;17.00;0.00
7.21;3.00;1.00
5.45;29.00;0.00
5.61;34.00;0.00
4.04;10.00;0.00
2.11;11.00;0.00
1.02;25.00;0.00
8.57;47.00;0.00
1.69;1.00;0.00
0.38;13.00;0.00
5.49;0.00;0.00
5.61;48.00;0.00
7.59;9.00;1.00
9.15;1.00;1.00
3.25;43.00;0.00
1.23;20.00;0.00
9.21;41.00;0.00
3.45;45.00;0.00
9.21;31.00;0.00
0.26;12.00;0.00
2.15;22.00;0.00
0.88;18.00;0.00
5.04;12.00;0.00
0.19;7.00;0.00
6.61;18.00;1.00
5.34;0.00;0.00
5.45;22.00;0.00
0.41;33.00;0.00
4.45;18.00;0.00
0.19;32.00;0.00
0.27;30.00;0.00
1.44;13.00;0.00
3.10;46.00;0.00
9.68;38.00;0.00
5.46;41.00;0.00
5.08;40.00;0.00
5.45;16.00;0.00
7.31;26.00;0.00
8.76;1.00;1.00
0.88;42.00;0.00
4.94;18.00;0.00
0.59;13.00;0.00
2.85;3.00;0.00
5.06;19.00;0.00
9.29;22.00;0.00
6.22;32.00;0.00
5.00;19.00;0.00
0.21;21.00;0.00
7.97;27.00;0.00
4.56;22.00;0.00
5.69;35.00;0.00
5.52;27.00;0.00
3.04;26.00;0.00
1.10;0.00;0.00
7.42;20.00;0.00
1.39;44.00;0.00
3.97;7.00;0.00
2.50;40.00;0.00
3.97;35.00;0.00
9.92;31.00;0.00
6.37;29.00;0.00
8.04;26.00;0.00
8.73;28.00;0.00
1.76;24.00;0.00
6.02;10.00;1.00
2.55;35.00;0.00
9.21;5.00;1.00
6.86;17.00;1.00
2.24;6.00;0.00
4.80;47.00;0.00
3.20;12.00;0.00
4.60;41.00;0.00
2.17;49.00;0.00
1.55;49.00;0.00
8.09;45.00;0.00
1.34;27.00;0.00
0.83;2.00;0.00
4.60;19.00;0.00
8.99;9.00;1.00
9.75;10.00;1.00
9.91;42.00;0.00
3.02;13.00;0.00
0.97;18.00;0.00
1.59;43.00;0.00
8.68;15.00;1.00
8.13;45.00;0.00
6.00;42.00;0.00
7.22;35.00;0.00
1.84;26.00;0.00
6.65;15.00;1.00
1.03;2.00;0.00
6.17;17.00;1.00
6.13;27.00;0.00
0.86;15.00;0.00
3.08;7.00;0.00
9.60;38.00;0.00
3.20;18.00;0.00
9.18;1.00;1.00
6.55;25.00;0.00
7.94;43.00;0.00
2.01;27.00;0.00
2.77;17.00;0.00
5.03;41.00;0.00
9.66;8.00;1.00
2.72;9.00;0.00
7.31;46.00;0.00
8.07;14.00;1.00
3.62;8.00;0.00
5.63;13.00;0.00
1.98;0.00;0.00
7.73;5.00;1.00
8.59;1.00;1.00
3.19;14.00;0.00
0.89;27.00;0.00
0.53;27.00;0.00
9.48;35.00;0.00
1.29;5.00;0.00
7.22;46.00;0.00
5.69;7.00;0.00
1.65;16.00;0.00
9.30;21.00;0.00
5.95;12.00;0.00
9.78;11.00;1.00
4.10;12.00;0.00
1.25;27.00;0.00
6.28;22.00;0.00
5.21;2.00;0.00
2.13;40.00;0.00
6.90;20.00;0.00
5.45;16.00;0.00
9.65;16.00;1.00
2.46;35.00;0.00
5.15;12.00;0.00
3.34;33.00;0.00
4.70;42.00;0.00
4.54;18.00;0.00
8.89;28.00;0.00
1.50;10.00;0.00
2.60;28.00;0.00
9.31;13.00;1.00
5.46;34.00;0.00
2.82;19.00;0.00
7.55;5.00;1.00
7.55;49.00;0.00
9.53;27.00;0.00
6.70;45.00;0.00
8.63;14.00;1.00
1.37;35.00;0.00
2.31;45.00;0.00
0.85;3.00;0.00
2.51;37.00;0.00
0.26;8.00;0.00
7.39;6.00;1.00
4.22;23.00;0.00
9.09;35.00;0.00
6.02;17.00;1.00
4.03;34.00;0.00
8.72;21.00;0.00
4.72;28.00;0.00
4.12;46.00;0.00
2.93;42.00;0.00
1.10;45.00;0.00
4.14;21.00;0.00
6.81;48.00;0.00
6.75;49.00;0.00
7.00;19.00;0.00
2.81;36.00;0.00
3.19;2.00;0.00
0.04;48.00;0.00
0.20;0.00;0.00
1.56;31.00;0.00
0.26;41.00;0.00
1.35;9.00;0.00
2.92;26.00;0.00
3.75;40.00;0.00
4.17;29.00;0.00
9.89;43.00;0.00
1.97;33.00;0.00
4.79;8.00;0.00
7.78;29.00;0.00
4.44;0.00;0.00
0.55;19.00;0.00
1.72;26.00;0.00
8.64;9.00;1.00
7.01;28.00;0.00
0.92;19.00;0.00
2.44;23.00;0.00
9.09;18.00;1.00
9.93;21.00;0.00
2.83;47.00;0.00
9.26;8.00;1.00
1.94;22.00;0.00
4.54;21.00;0.00
8.73;10.00;1.00
4.06;10.00;0.00
6.71;18.00;1.00
1.64;46.00;0.00
6.58;4.00;1.00
4.30;43.00;0.00
4.42;41.00;0.00
3.61;17.00;0.00
1.71;12.00;0.00
2.85;32.00;0.00
6.03;35.00;0.00
1.42;39.00;0.00
4.80;34.00;0.00
7.56;30.00;0.00
9.26;48.00;0.00
2.14;46.00;0.00
9.62;36.00;0.00
4.55;49.00;0.00
6.39;17.00;1.00
0.03;30.00;0.00
6.90;28.00;0.00
6.96;30.00;0.00
7.22;36.00;0.00
6.65;47.00;0.00
5.87;30.00;0.00
2.17;42.00;0.00
6.05;22.00;0.00
6.31;24.00;0.00
7.01;33.00;0.00
2.41;38.00;0.00
0.06;46.00;0.00
5.35;47.00;0.00
1.30;42.00;0.00
4.02;35.00;0.00
9.54;40.00;0.00
9.46;14.00;1.00
9.24;30.00;0.00
2.90;46.00;0.00
8.55;11.00;1.00
6.54;11.00;1.00
7.18;6.00;1.00
4.03;24.00;0.00
8.21;7.00;1.00
4.48;14.00;0.00
7.92;38.00;0.00
6.66;21.00;0.00
2.82;29.00;0.00
8.82;13.00;1.00
8.91;8.00;1.00
5.12;40.00;0.00
7.38;9.00;1.00
8.87;22.00;0.00
0.51;48.00;0.00
0.05;6.00;0.00
4.30;6.00;0.00
2.30;43.00;0.00
6.76;44.00;0.00
7.03;48.00;0.00
0.31;44.00;0.00
4.74;44.00;0.00
5.88;19.00;0.00
3.43;49.00;0.00
4.30;35.00;0.00
3.54;45.00;0.00
9.57;15.00;1.00
6.05;6.00;1.00
9.70;11.00;1.00
0.86;36.00;0.00
7.46;13.00;1.00
4.62;42.00;0.00
4.59;39.00;0.00
3.64;15.00;0.00
3.59;12.00;0.00
5.41;36.00;0.00
6.06;4.00;1.00
5.66;29.00;0.00
2.05;3.00;0.00
7.59;2.00;1.00
9.98;11.00;1.00
5.64;45.00;0.00
1.53;35.00;0.00
9.85;7.00;1.00
5.28;33.00;0.00
8.26;48.00;0.00
3.60;31.00;0.00
9.74;36.00;0.00
6.31;7.00;1.00
3.50;7.00;0.00
7.93;47.00;0.00
5.86;40.00;0.00
4.57;38.00;0.00
5.00;47.00;0.00
2.69;34.00;0.00
8.28;31.00;0.00
1.20;33.00;0.00
6.29;10.00;1.00
8.69;27.00;0.00
4.19;46.00;0.00
4.85;11.00;0.00
0.61;4.00;0.00
9.77;28.00;0.00
5.86;1.00;0.00
3.06;44.00;0.00
5.60;2.00;0.00
0.55;12.00;0.00
8.25;3.00;1.00
5.89;8.00;0.00
2.74;13.00;0.00
3.08;23.00;0.00
6.75;29.00;0.00
8.76;0.00;1.00
2.08;15.00;0.00
4.02;24.00;0.00
5.87;47.00;0.00
6.01;24.00;0.00
5.43;8.00;0.00
5.67;47.00;0.00
3.39;11.00;0.00
6.41;10.00;1.00
1.59;41.00;0.00
7.28;1.00;1.00
9.98;0.00;1.00
6.19;14.00;1.00
8.06;6.00;1.00
7.41;9.00;1.00
2.68;19.00;0.00
5.64;42.00;0.00
9.43;30.00;0.00
1.93;17.00;0.00
1.70;8.00;0.00
1.89;22.00;0.00
6.74;48.00;0.00
1.75;15.00;0.00
7.34;30.00;0.00
7.50;42.00;0.00
9.03;0.00;1.00
5.83;25.00;0.00
0.27;4.00;0.00
9.05;5.00;1.00
1.14;8.00;0.00
6.19;18.00;1.00
5.81;14.00;0.00
8.28;20.00;0.00
2.49;9.00;0.00
3.02;38.00;0.00
5.25;20.00;0.00
4.42;20.00;0.00
6.28;3.00;1.00
1.72;19.00;0.00
0.45;25.00;0.00
9.60;45.00;0.00
4.64;31.00;0.00
4.61;46.00;0.00
6.28;24.00;0.00
3.49;46.00;0.00
1.97;32.00;0.00
6.83;29.00;0.00
7.82;43.00;0.00
4.03;6.00;0.00
8.96;48.00;0.00
3.15;41.00;0.00
8.59;30.00;0.00
4.95;25.00;0.00
8.40;17.00;1.00
9.02;33.00;0.00
6.92;4.00;1.00
6.62;31.00;0.00
3.32;36.00;0.00
6.61;15.00;1.00
3.44;32.00;0.00
7.32;44.00;0.00
6.80;45.00;0.00
6.49;42.00;0.00
9.86;42.00;0.00
0.44;44.00;0.00
5.15;26.00;0.00
2.08;15.00;0.00
8.64;29.00;0.00
2.61;31.00;0.00
4.42;10.00;0.00
9.03;33.00;0.00
4.48;17.00;0.00
4.69;14.00;0.00
1.19;20.00;0.00
3.64;19.00;0.00
6.44;35.00;0.00
4.35;14.00;0.00
6.96;33.00;0.00
4.45;8.00;0.00
8.69;5.00;1.00
1.25;13.00;0.00
0.96;32.00;0.00
1.31;12.00;0.00
3.51;40.00;0.00
1.31;10.00;0.00
7.87;45.00;0.00
1.28;44.00;0.00
0.87;38.00;0.00
3.00;23.00;0.00
4.85;20.00;0.00
6.28;1.00;1.00
8.18;29.00;0.00
8.67;6.00;1.00
2.71;35.00;0.00
2.66;41.00;0.00
2.17;34.00;0.00
9.17;27.00;0.00
8.06;33.00;0.00
4.13;36.00;0.00
6.97;2.00;1.00
3.35;6.00;0.00
8.95;34.00;0.00
1.80;43.00;0.00
8.28;44.00;0.00
5.37;22.00;0.00
4.93;28.00;0.00
7.95;27.00;0.00
4.25;43.00;0.00
9.68;40.00;0.00
9.51;29.00;0.00
5.90;21.00;0.00
9.45;27.00;0.00
3.56;46.00;0.00
3.30;10.00;0.00
8.45;39.00;0.00
2.76;11.00;0.00
3.49;32.00;0.00
9.54;5.00;1.00
3.95;44.00;0.00
1.05;37.00;0.00
3.77;35.00;0.00
7.83;10.00;1.00
7.01;10.00;1.00
8.92;28.00;0.00
6.37;46.00;0.00
6.44;35.00;0.00
7.68;32.00;0.00
7.53;14.00;1.00
8.94;41.00;0.00
2.07;24.00;0.00
6.36;36.00;0.00
2.62;46.00;0.00
4.00;7.00;0.00
8.55;45.00;0.00
0.82;7.00;0.00
7.11;22.00;0.00
6.83;13.00;1.00
1.09;16.00;0.00
2.04;47.00;0.00
7.60;28.00;0.00
7.25;20.00;0.00
3.03;17.00;0.00
0.46;40.00;0.00
1.28;24.00;0.00
3.23;3.00;0.00
1.24;19.00;0.00
3.83;16.00;0.00
5.76;46.00;0.00
6.85;41.00;0.00
0.59;24.00;0.00
7.09;22.00;0.00
9.65;21.00;0.00
5.81;41.00;0.00
6.13;29.00;0.00
7.24;5.00;1.00
3.70;43.00;0.00
5.20;28.00;0.00
1.85;8.00;0.00
9.10;39.00;0.00
2.61;30.00;0.00
0.51;36.00;0.00
6.14;24.00;0.00
4.87;29.00;0.00
5.57;31.00;0.00
5.87;31.00;0.00
6.08;30.00;0.00
5.96;0.00;0.00
2.36;27.00;0.00
6.67;2.00;1.00
1.29;15.00;0.00
8.70;25.00;0.00
7.48;24.00;0.00
3.16;6.00;0.00
8.97;13.00;1.00
3.52;36.00;0.00
2.01;7.00;0.00
9.03;25.00;0.00
6.79;28.00;0.00
6.95;36.00;0.00
1.16;18.00;0.00
6.40;48.00;0.00
1.45;25.00;0.00
9.40;46.00;0.00
5.61;15.00;0.00
9.41;13.00;1.00
9.38;46.00;0.00
1.42;15.00;0.00
7.96;49.00;0.00
8.81;39.00;0.00
6.83;14.00;1.00
2.82;40.00;0.00
9.86;2.00;1.00
3.04;23.00;0.00
2.85;18.00;0.00
3.04;11.00;0.00
0.20;49.00;0.00
0.87;46.00;0.00
4.52;8.00;0.00
7.61;42.00;0.00
6.01;28.00;0.00
4.66;8.00;0.00
3.25;15.00;0.00
3.77;32.00;0.00
6.08;21.00;0.00
5.75;4.00;0.00
7.24;30.00;0.00
2.18;25.00;0.00
8.91;36.00;0.00
1.51;44.00;0.00
7.95;23.00;0.00
0.47;25.00;0.00
5.41;11.00;0.00
1.79;47.00;0.00
7.64;37.00;0.00
1.25;43.00;0.00
3.41;0.00;0.00
4.73;0.00;0.00
7.32;38.00;0.00
3.00;32.00;0.00
4.97;4.00;0.00
1.79;6.00;0.00
5.96;15.00;0.00
0.45;12.00;0.00
0.20;27.00;0.00
2.70;17.00;0.00
9.85;4.00;1.00
9.99;47.00;0.00
2.35;8.00;0.00
3.10;16.00;0.00
1.85;17.00;0.00
5.04;35.00;0.00
5.34;32.00;0.00
5.41;36.00;0.00
9.55;47.00;0.00
9.08;32.00;0.00
5.39;13.00;0.00
4.95;24.00;0.00
3.85;15.00;0.00
0.87;48.00;0.00
0.31;5.00;0.00
9.49;4.00;1.00
6.60;22.00;0.00
3.11;10.00;0.00
8.46;34.00;0.00
3.01;2.00;0.00
4.16;37.00;0.00
8.25;14.00;1.00
6.91;10.00;1.00
6.42;47.00;0.00
3.81;39.00;0.00
8.78;5.00;1.00
3.89;44.00;0.00
4.48;4.00;0.00
8.41;7.00;1.00
8.82;36.00;0.00
0.42;32.00;0.00
8.78;39.00;0.00
2.77;48.00;0.00
0.46;38.00;0.00
1.84;5.00;0.00
6.47;4.00;1.00
2.96;28.00;0.00
9.68;17.00;1.00
7.07;16.00;1.00
9.93;29.00;0.00
6.16;4.00;1.00
1.34;8.00;0.00
7.61;46.00;0.00
4.39;16.00;0.00
7.19;32.00;0.00
2.48;4.00;0.00
5.95;34.00;0.00
2.66;25.00;0.00
3.11;3.00;0.00
7.25;14.00;1.00
2.09;2.00;0.00
5.23;3.00;0.00
3.05;18.00;0.00
3.36;30.00;0.00
5.93;0.00;0.00
2.75;33.00;0.00
9.05;28.00;0.00
7.36;14.00;1.00
9.38;32.00;0.00
6.90;4.00;1.00
8.95;45.00;0.00
8.42;9.00;1.00
5.50;15.00;0.00
1.48;26.00;0.00
1.57;5.00;0.00
7.83;11.00;1.00
7.58;26.00;0.00
8.23;24.00;0.00
6.27;13.00;1.00
4.32;24.00;0.00
6.45;19.00;0.00
9.46;32.00;0.00
9.46;16.00;1.00
2.86;45.00;0.00
5.31;48.00;0.00
1.65;23.00;0.00
9.30;40.00;0.00
3.24;38.00;0.00
1.36;19.00;0.00
8.58;37.00;0.00
8.07;46.00;0.00
9.18;46.00;0.00
4.18;45.00;0.00
3.63;9.00;0.00
9.58;7.00;1.00
3.02;31.00;0.00
9.70;39.00;0.00
5.75;21.00;0.00
7.40;19.00;0.00
5.83;36.00;0.00
9.11;33.00;0.00
0.07;38.00;0.00
5.89;21.00;0.00
3.33;10.00;0.00
7.02;40.00;0.00
8.50;37.00;0.00
5.78;39.00;0.00
8.84;23.00;0.00
8.92;41.00;0.00
6.14;13.00;1.00
3.98;9.00;0.00
3.28;28.00;0.00
6.54;0.00;1.00
4.84;6.00;0.00
1.38;6.00;0.00
5.14;12.00;0.00
1.96;11.00;0.00
4.91;42.00;0.00
1.36;20.00;0.00
7.59;8.00;1.00
1.13;49.00;0.00
4.85;25.00;0.00
6.90;24.00;0.00
3.84;21.00;0.00
2.33;28.00;0.00
2.83;42.00;0.00
1.80;5.00;0.00
3.55;38.00;0.00
4.82;39.00;0.00
7.49;16.00;1.00
2.64;3.00;0.00
7.11;48.00;0.00
5.69;35.00;0.00
7.99;32.00;0.00
9.59;33.00;0.00
1.21;47.00;0.00
9.92;0.00;1.00
5.10;16.00;0.00
0.98;12.00;0.00
3.20;38.00;0.00
8.21;27.00;0.00
5.89;26.00;0.00
1.12;0.00;0.00
6.04;5.00;1.00
1.87;30.00;0.00
8.41;2.00;1.00
4.54;39.00;0.00
6.53;0.00;1.00
8.25;30.00;0.00
3.92;22.00;0.00
6.40;29.00;0.00
3.50;45.00;0.00
5.09;12.00;0.00
6.78;40.00;0.00
0.95;23.00;0.00
5.88;39.00;0.00
7.78;13.00;1.00
4.21;37.00;0.00
5.13;8.00;0.00
6.86;0.00;1.00
9.72;17.00;1.00
8.10;20.00;0.00
4.59;2.00;0.00
9.74;13.00;1.00
4.60;2.00;0.00
6.20;16.00;1.00
6.93;1.00;1.00
5.60;21.00;0.00
1.97;46.00;0.00
2.85;38.00;0.00
5.93;23.00;0.00
3.76;2.00;0.00
7.54;5.00;1.00
7.04;14.00;1.00
4.24;2.00;0.00
2.52;42.00;0.00
0.34;12.00;0.00
9.03;43.00;0.00
1.88;38.00;0.00
7.77;28.00;0.00
3.78;23.00;0.00
0.15;32.00;0.00
9.50;32.00;0.00
9.76;8.00;1.00
8.76;2.00;1.00
3.44;24.00;0.00
5.18;42.00;0.00
2.49;31.00;0.00
9.47;43.00;0.00
1.50;5.00;0.00
9.53;7.00;1.00
8.84;23.00;0.00
9.24;18.00;1.00
4.35;5.00;0.00
1.36;17.00;0.00
4.14;10.00;0.00
2.18;42.00;0.00
9.55;37.00;0.00
4.72;29.00;0.00
9.04;39.00;0.00
8.07;5.00;1.00
4.92;37.00;0.00
3.82;13.00;0.00
3.38;0.00;0.00
4.23;3.00;0.00
0.31;15.00;0.00
5.75;39.00;0.00
1.94;41.00;0.00
9.27;36.00;0.00
9.99;34.00;0.00
7.63;30.00;0.00
4.68;23.00;0.00
7.80;47.00;0.00
4.53;41.00;0.00
9.78;49.00;0.00
6.67;41.00;0.00
1.79;27.00;0.00
8.08;33.00;0.00
1.64;32.00;0.00
0.53;9.00;0.00
4.41;41.00;0.00
2.96;20.00;0.00
6.48;7.00;1.00
0.85;11.00;0.00
6.90;5.00;1.00
3.02;1.00;0.00
2.11;30.00;0.00
9.49;32.00;0.00
2.64;31.00;0.00
0.60;0.00;0.00
3.94;34.00;0.00
4.26;32.00;0.00
5.20;31.00;0.00
1.09;41.00;0.00
9.43;19.00;0.00
0.74;44.00;0.00
6.77;37.00;0.00
4.01;37.00;0.00
6.47;48.00;0.00
8.63;44.00;0.00
6.68;42.00;0.00
1.31;32.00;0.00
1.29;41.00;0.00
0.72;43.00;0.00
9.88;17.00;1.00
0.21;37.00;0.00
2.29;12.00;0.00
2.93;14.00;0.00
9.50;1.00;1.00
9.76;20.00;0.00
3.38;35.00;0.00
3.26;28.00;0.00
0.33;49.00;0.00
0.28;47.00;0.00
4.53;37.00;0.00
5.66;17.00;0.00
2.40;1.00;0.00
9.19;16.00;1.00
5.88;17.00;0.00
4.71;16.00;0.00
3.35;28.00;0.00
0.39;21.00;0.00
0.41;4.00;0.00
9.80;37.00;0.00
0.80;32.00;0.00
3.00;30.00;0.00
4.90;14.00;0.00
0.67;2.00;0.00
0.36;2.00;0.00
5.34;1.00;0.00
0.94;1.00;0.00
2.23;5.00;0.00
1.04;31.00;0.00
6.85;21.00;0.00
3.52;6.00;0.00
7.03;7.00;1.00
1.67;32.00;0.00
2.91;36.00;0.00
2.84;44.00;0.00
0.20;9.00;0.00
0.68;45.00;0.00
2.38;17.00;0.00
0.55;30.00;0.00
9.75;48.00;0.00
3.05;47.00;0.00
1.40;25.00;0.00
9.92;23.00;0.00
4.55;1.00;0.00
8.24;38.00;0.00
6.54;17.00;1.00
6.72;19.00;0.00
2.15;18.00;0.00
2.33;38.00;0.00
5.99;45.00;0.00
0.32;35.00;0.00
4.18;38.00;0.00
7.30;27.00;0.00
0.37;30.00;0.00
0.91;41.00;0.00
7.65;27.00;0.00
1.91;13.00;0.00
5.62;45.00;0.00
4.25;38.00;0.00
7.86;13.00;1.00
1.48;7.00;0.00
9.00;24.00;0.00
8.92;17.00;1.00
3.23;15.00;0.00
9.90;32.00;0.00
1.83;4.00;0.00
8.23;9.00;1.00
4.14;9.00;0.00
5.75;47.00;0.00
3.96;21.00;0.00
3.41;43.00;0.00
8.79;41.00;0.00
9.28;0.00;1.00
7.81;39.00;0.00
2.19;49.00;0.00
7.53;9.00;1.00
8.52;11.00;1.00
2.44;20.00;0.00
2.72;12.00;0.00
9.05;16.00;1.00
4.61;35.00;0.00
4.19;16.00;0.00
4.82;38.00;0.00
6.91;31.00;0.00
3.15;3.00;0.00
9.10;17.00;1.00
1.79;33.00;0.00
7.20;7.00;1.00
9.02;44.00;0.00
0.20;23.00;0.00
2.90;33.00;0.00
6.05;36.00;0.00
7.68;23.00;0.00
6.46;46.00;0.00
7.36;7.00;1.00
1.76;10.00;0.00
8.07;47.00;0.00
7.43;21.00;0.00
4.43;48.00;0.00
8.80;17.00;1.00
1.77;1.00;0.00
8.55;21.00;0.00
8.70;10.00;1.00
4.56;44.00;0.00
0.81;8.00;0.00
2.23;34.00;0.00
8.29;48.00;0.00
8.53;20.00;0.00
3.92;15.00;0.00
3.39;12.00;0.00
8.44;13.00;1.00
2.92;9.00;0.00
5.91;27.00;0.00
2.22;41.00;0.00
6.75;43.00;0.00
9.55;30.00;0.00
8.85;7.00;1.00
6.49;47.00;0.00
9.97;17.00;1.00
5.04;47.00;0.00
1.19;39.00;0.00
3.33;2.00;0.00
3.58;7.00;0.00
7.06;37.00;0.00
5.71;12.00;0.00
4.96;37.00;0.00
1.53;37.00;0.00
2.42;6.00;0.00
3.02;47.00;0.00
6.76;35.00;0.00
4.37;34.00;0.00
6.51;4.00;1.00
5.70;3.00;0.00
8.68;15.00;1.00
4.35;32.00;0.00
3.01;24.00;0.00
8.73;8.00;1.00
1.45;1.00;0.00
4.69;27.00;0.00
9.36;49.00;0.00
7.45;16.00;1.00
7.25;5.00;1.00
0.19;2.00;0.00
8.13;22.00;0.00
3.90;11.00;0.00
1.36;46.00;0.00
9.74;22.00;0.00
3.96;19.00;0.00
4.20;46.00;0.00
4.55;44.00;0.00
1.21;23.00;0.00
1.08;5.00;0.00
4.50;1.00;0.00
6.42;43.00;0.00
9.08;15.00;1.00
1.00;16.00;0.00
8.59;32.00;0.00
4.05;47.00;0.00
3.31;1.00;0.00
2.56;31.00;0.00
9.59;28.00;0.00
8.26;9.00;1.00
5.42;32.00;0.00
4.75;33.00;0.00
6.10;31.00;0.00
7.34;37.00;0.00
7.46;22.00;0.00
3.03;23.00;0.00
8.72;6.00;1.00
2.45;48.00;0.00
0.89;44.00;0.00
3.96;33.00;0.00
5.09;31.00;0.00
3.14;14.00;0.00
3.99;37.00;0.00
5.84;44.00;0.00
4.15;45.00;0.00
2.81;14.00;0.00
9.23;44.00;0.00
1.10;43.00;0.00
3.15;8.00;0.00
0.25;48.00;0.00
3.08;28.00;0.00
2.05;38.00;0.00
6.72;14.00;1.00
8.37;48.00;0.00
2.67;48.00;0.00
8.31;7.00;1.00
9.80;7.00;1.00
0.58;1.00;0.00
8.95;23.00;0.00
7.54;20.00;0.00
4.83;16.00;0.00
8.87;26.00;0.00
5.02;3.00;0.00
1.66;35.00;0.00
7.76;38.00;0.00
5.12;35.00;0.00
4.54;19.00;0.00
8.89;1.00;1.00
2.65;12.00;0.00
9.49;4.00;1.00
5.76;39.00;0.00
3.52;13.00;0.00
7.43;39.00;0.00
6.69;27.00;0.00
2.82;38.00;0.00
9.33;12.00;1.00
5.88;47.00;0.00
1.89;8.00;0.00
6.78;3.00;1.00
9.09;6.00;1.00
7.61;3.00;1.00
6.99;46.00;0.00
5.51;19.00;0.00
9.91;7.00;1.00
0.94;33.00;0.00
0.53;12.00;0.00
7.84;5.00;1.00
3.75;32.00;0.00
0.32;6.00;0.00
9.58;36.00;0.00
6.80;17.00;1.00
9.84;33.00;0.00
7.97;19.00;0.00
1.83;1.00;0.00
5.64;17.00;0.00
9.65;28.00;0.00
1.43;4.00;0.00
0.49;21.00;0.00
9.15;24.00;0.00
8.12;7.00;1.00
4.62;22.00;0.00
7.05;42.00;0.00
5.44;25.00;0.00
7.18;41.00;0.00
2.60;42.00;0.00
8.14;46.00;0.00
8.70;19.00;0.00
0.94;42.00;0.00
1.52;42.00;0.00
4.87;0.00;0.00
6.07;14.00;1.00
8.22;10.00;1.00
8.54;15.00;1.00
9.65;44.00;0.00
9.62;29.00;0.00
9.61;11.00;1.00
5.83;26.00;0.00
3.84;20.00;0.00
6.57;31.00;0.00
5.55;49.00;0.00
5.34;11.00;0.00
4.02;45.00;0.00
6.49;37.00;0.00
4.67;44.00;0.00
6.34;19.00;0.00
8.88;10.00;1.00
0.34;40.00;0.00
7.73;12.00;1.00
1.27;44.00;0.00
3.56;9.00;0.00
5.43;27.00;0.00
9.78;24.00;0.00
2.90;26.00;0.00
5.94;36.00;0.00
8.69;12.00;1.00
9.79;28.00;0.00
5.29;6.00;0.00
7.19;17.00;1.00
5.29;27.00;0.00
9.11;3.00;1.00
5.63;30.00;0.00
5.63;42.00;0.00
5.72;13.00;0.00
4.02;25.00;0.00
3.56;48.00;0.00
9.56;1.00;1.00
0.64;37.00;0.00
5.21;7.00;0.00
6.42;15.00;1.00
5.38;6.00;0.00
6.43;14.00;1.00
6.26;42.00;0.00
5.53;2.00;0.00
7.37;25.00;0.00
0.54;5.00;0.00
7.51;6.00;1.00
7.19;33.00;0.00
7.92;7.00;1.00
8.57;33.00;0.00
2.44;36.00;0.00
2.82;16.00;0.00
1.55;48.00;0.00
4.40;15.00;0.00
3.12;29.00;0.00
9.58;41.00;0.00
4.26;1.00;0.00
2.79;1.00;0.00
2.70;18.00;0.00
4.74;8.00;0.00
1.29;42.00;0.00
9.34;23.00;0.00
6.26;25.00;0.00
3.84;36.00;0.00
7.92;28.00;0.00
0.67;42.00;0.00
5.12;8.00;0.00
0.56;46.00;0.00
5.58;47.00;0.00
9.43;14.00;1.00
7.47;43.00;0.00
4.63;3.00;0.00
3.87;20.00;0.00
2.35;8.00;0.00
0.15;42.00;0.00
8.23;6.00;1.00
4.15;3.00;0.00
1.42;0.00;0.00
4.76;21.00;0.00
5.12;15.00;0.00
6.07;49.00;0.00
0.24;25.00;0.00
4.44;4.00;0.00
9.73;26.00;0.00
9.72;17.00;1.00
4.34;36.00;0.00
7.39;26.00;0.00
4.07;46.00;0.00
0.88;48.00;0.00
4.32;30.00;0.00
8.75;34.00;0.00
4.71;15.00;0.00
9.52;12.00;1.00
0.44;8.00;0.00
1.73;23.00;0.00
1.62;5.00;0.00
2.68;2.00;0.00
6.61;20.00;0.00
8.65;27.00;0.00
4.63;29.00;0.00
2.48;44.00;0.00
7.74;47.00;0.00
9.59;12.00;1.00
6.48;18.00;1.00
8.49;46.00;0.00
2.58;25.00;0.00
7.29;20.00;0.00
6.27;1.00;1.00
2.41;3.00;0.00
5.84;21.00;0.00
2.84;29.00;0.00
8.59;2.00;1.00
5.90;18.00;0.00
6.70;48.00;0.00
7.12;18.00;1.00
4.26;46.00;0.00
3.19;17.00;0.00
9.35;44.00;0.00
7.24;38.00;0.00
7.40;39.00;0.00
7.62;18.00;1.00
7.64;12.00;1.00
4.87;29.00;0.00
6.04;33.00;0.00
1.39;2.00;0.00
6.26;15.00;1.00
1.52;43.00;0.00
9.50;27.00;0.00
5.16;5.00;0.00
1.12;20.00;0.00
5.29;40.00;0.00
9.98;39.00;0.00
7.29;29.00;0.00
5.12;35.00;0.00
6.68;30.00;0.00
6.51;35.00;0.00
2.86;2.00;0.00
6.88;0.00;1.00
0.75;17.00;0.00
8.04;16.00;1.00
4.65;45.00;0.00
8.27;18.00;1.00
5.38;15.00;0.00
6.88;0.00;1.00
9.20;2.00;1.00
3.17;40.00;0.00
0.79;17.00;0.00
1.01;33.00;0.00
1.01;28.00;0.00
7.18;24.00;0.00
1.70;17.00;0.00
4.77;15.00;0.00
2.11;19.00;0.00
3.91;48.00;0.00
7.97;16.00;1.00
5.95;0.00;0.00
6.40;15.00;1.00
0.72;10.00;0.00
2.20;6.00;0.00
9.09;37.00;0.00
5.52;2.00;0.00
3.10;34.00;0.00
4.89;37.00;0.00
9.96;23.00;0.00
9.24;21.00;0.00
0.55;4.00;0.00
9.23;47.00;0.00
0.19;48.00;0.00
7.08;31.00;0.00
3.25;47.00;0.00
9.54;17.00;1.00
5.42;4.00;0.00
7.83;0.00;1.00
6.32;15.00;1.00
2.72;28.00;0.00
4.01;3.00;0.00
1.11;13.00;0.00
5.73;10.00;0.00
7.37;45.00;0.00
2.69;4.00;0.00
2.95;26.00;0.00
3.77;36.00;0.00
3.49;11.00;0.00
5.74;8.00;0.00
6.96;33.00;0.00
6.51;35.00;0.00
2.25;41.00;0.00
5.96;3.00;0.00
7.05;35.00;0.00
6.59;13.00;1.00
0.58;17.00;0.00
4.21;49.00;0.00
8.26;37.00;0.00
6.99;33.00;0.00
2.56;21.00;0.00
4.08;44.00;0.00
2.57;28.00;0.00
0.92;37.00;0.00
9.20;19.00;0.00
5.46;32.00;0.00
8.50;18.00;1.00
1.60;16.00;0.00
7.42;0.00;1.00
4.71;32.00;0.00
5.76;26.00;0.00
8.46;24.00;0.00
1.54;14.00;0.00
6.33;33.00;0.00
2.42;38.00;0.00
9.85;36.00;0.00
6.60;9.00;1.00
1.55;20.00;0.00
7.00;31.00;0.00
4.54;32.00;0.00
4.95;17.00;0.00
7.14;37.00;0.00
7.82;36.00;0.00
5.48;37.00;0.00
8.12;46.00;0.00
6.10;23.00;0.00
9.93;33.00;0.00
2.20;32.00;0.00
4.79;44.00;0.00
0.51;5.00;0.00
8.99;33.00;0.00
8.84;25.00;0.00
5.13;48.00;0.00
3.18;35.00;0.00
1.58;31.00;0.00
6.29;49.00;0.00
2.41;41.00;0.00
6.22;4.00;1.00
0.55;18.00;0.00
5.19;44.00;0.00
4.42;26.00;0.00
9.71;23.00;0.00
2.36;43.00;0.00
0.75;21.00;0.00
7.16;5.00;1.00
6.10;20.00;0.00
1.97;33.00;0.00
5.78;0.00;0.00
1.32;10.00;0.00
0.49;44.00;0.00
6.17;17.00;1.00
5.73;40.00;0.00
2.20;18.00;0.00
9.25;14.00;1.00
5.61;32.00;0.00
1.62;15.00;0.00
2.85;33.00;0.00
4.68;5.00;0.00
7.12;22.00;0.00
4.01;8.00;0.00
0.64;30.00;0.00
5.34;31.00;0.00
9.71;32.00;0.00
5.25;22.00;0.00
0.12;47.00;0.00
8.54;23.00;0.00
6.22;47.00;0.00
7.35;40.00;0.00
9.03;7.00;1.00
6.77;36.00;0.00
6.41;0.00;1.00
8.13;21.00;0.00
9.68;24.00;0.00
5.56;12.00;0.00
2.19;15.00;0.00
9.06;36.00;0.00
3.40;26.00;0.00
8.34;33.00;0.00
4.75;25.00;0.00
2.40;0.00;0.00
8.84;18.00;1.00
7.51;9.00;1.00
2.10;44.00;0.00
3.63;0.00;0.00
7.87;33.00;0.00
9.34;30.00;0.00
4.11;11.00;0.00
9.71;41.00;0.00
3.08;39.00;0.00
3.65;12.00;0.00
1.50;30.00;0.00
0.59;22.00;0.00
6.01;20.00;0.00
5.27;44.00;0.00
8.96;29.00;0.00
0.84;26.00;0.00
2.59;2.00;0.00
3.45;27.00;0.00
9.82;12.00;1.00
3.38;3.00;0.00
4.48;25.00;0.00
3.46;11.00;0.00
0.72;24.00;0.00
1.13;46.00;0.00
2.01;14.00;0.00
1.72;36.00;0.00
7.22;36.00;0.00
5.60;31.00;0.00
7.58;14.00;1.00
8.03;8.00;1.00
8.23;49.00;0.00
6.46;24.00;0.00
4.27;6.00;0.00
1.21;39.00;0.00
7.03;38.00;0.00
3.82;45.00;0.00
0.45;2.00;0.00
5.93;36.00;0.00
1.91;36.00;0.00
6.28;32.00;0.00
4.69;16.00;0.00
5.91;27.00;0.00
9.56;2.00;1.00
4.60;3.00;0.00
5.10;3.00;0.00
6.94;48.00;0.00
0.88;10.00;0.00
4.40;1.00;0.00
6.56;4.00;1.00
9.26;38.00;0.00
0.66;43.00;0.00
2.37;40.00;0.00
9.32;47.00;0.00
1.46;4.00;0.00
8.70;15.00;1.00
6.34;20.00;0.00
1.74;42.00;0.00
1.95;36.00;0.00
9.10;10.00;1.00
4.86;20.00;0.00
6.97;13.00;1.00
0.20;18.00;0.00
2.02;18.00;0.00
6.95;35.00;0.00
1.43;34.00;0.00
7.89;45.00;0.00
8.96;35.00;0.00
4.94;45.00;0.00
7.57;33.00;0.00
9.26;40.00;0.00
9.97;15.00;1.00
6.67;28.00;0.00
6.08;8.00;1.00
8.48;22.00;0.00
7.05;3.00;1.00
6.92;33.00;0.00
7.38;2.00;1.00
4.92;20.00;0.00
8.02;29.00;0.00
9.03;38.00;0.00
5.53;29.00;0.00
5.81;18.00;0.00
3.46;47.00;0.00
7.05;11.00;1.00
6.85;8.00;1.00
8.06;43.00;0.00
6.81;37.00;0.00
6.49;24.00;0.00
1.61;43.00;0.00
2.20;45.00;0.00
1.01;27.00;0.00
7.42;32.00;0.00
6.64;26.00;0.00
7.30;30.00;0.00
0.32;21.00;0.00
4.68;41.00;0.00
8.03;4.00;1.00
9.39;1.00;1.00
2.74;38.00;0.00
5.55;32.00;0.00
0.20;22.00;0.00
0.55;36.00;0.00
3.64;12.00;0.00
7.81;17.00;1.00
7.82;31.00;0.00
7.67;29.00;0.00
1.14;33.00;0.00
2.29;21.00;0.00
8.07;31.00;0.00
3.94;32.00;0.00
0.78;16.00;0.00
7.46;26.00;0.00
6.52;8.00;1.00
4.91;19.00;0.00
0.21;43.00;0.00
1.48;13.00;0.00
0.66;36.00;0.00
6.22;18.00;1.00
2.11;30.00;0.00
0.81;33.00;0.00
2.64;2.00;0.00
9.72;31.00;0.00
1.75;36.00;0.00
7.49;0.00;1.00
5.42;21.00;0.00
1.31;40.00;0.00
2.16;47.00;0.00
1.94;19.00;0.00
3.38;20.00;0.00
0.83;13.00;0.00
0.02;23.00;0.00
1.97;19.00;0.00
0.22;33.00;0.00
8.40;11.00;1.00
7.38;0.00;1.00
4.54;17.00;0.00
7.66;0.00;1.00
6.61;16.00;1.00
4.78;2.00;0.00
4.64;24.00;0.00
9.99;6.00;1.00
9.82;19.00;0.00
9.14;41.00;0.00
1.70;40.00;0.00
6.27;5.00;1.00
5.09;17.00;0.00
9.56;2.00;1.00
0.50;37.00;0.00
3.64;48.00;0.00
0.09;7.00;0.00
2.12;31.00;0.00
6.64;14.00;1.00
9.45;46.00;0.00
7.03;20.00;0.00
3.36;46.00;0.00
8.23;12.00;1.00
9.80;30.00;0.00
1.04;45.00;0.00
5.48;34.00;0.00
1.65;18.00;0.00
1.70;3.00;0.00
1.19;46.00;0.00
7.73;32.00;0.00
5.50;6.00;0.00
7.90;5.00;1.00
8.82;12.00;1.00
1.17;46.00;0.00
5.32;36.00;0.00
8.56;16.00;1.00
8.20;27.00;0.00
4.79;5.00;0.00
3.70;1.00;0.00
9.67;21.00;0.00
7.66;31.00;0.00
0.74;38.00;0.00
2.30;8.00;0.00
4.99;8.00;0.00
6.43;11.00;1.00
7.20;4.00;1.00
9.98;48.00;0.00
7.72;13.00;1.00
8.36;18.00;1.00
4.59;30.00;0.00
9.76;34.00;0.00
4.91;5.00;0.00
9.94;5.00;1.00
5.95;33.00;0.00
0.86;6.00;0.00
1.43;39.00;0.00
3.78;16.00;0.00
8.06;10.00;1.00
3.06;21.00;0.00
1.94;44.00;0.00
8.71;37.00;0.00
2.91;34.00;0.00
4.00;49.00;0.00
1.74;27.00;0.00
7.66;33.00;0.00
0.21;40.00;0.00
5.38;17.00;0.00
0.93;33.00;0.00
0.25;27.00;0.00
9.60;33.00;0.00
3.88;18.00;0.00
7.34;1.00;1.00
9.07;6.00;1.00
7.27;14.00;1.00
5.98;5.00;0.00
3.82;32.00;0.00
9.00;49.00;0.00
4.49;38.00;0.00
6.71;47.00;0.00
6.96;0.00;1.00
5.88;34.00;0.00
1.75;29.00;0.00
2.59;19.00;0.00
1.59;5.00;0.00
0.61;39.00;0.00
5.31;48.00;0.00
4.60;7.00;0.00
4.48;11.00;0.00
4.45;2.00;0.00
6.07;3.00;1.00
8.12;20.00;0.00
1.95;42.00;0.00
8.93;8.00;1.00
1.24;47.00;0.00
8.76;1.00;1.00
1.65;33.00;0.00
8.81;0.00;1.00
6.88;10.00;1.00
6.91;13.00;1.00
6.30;39.00;0.00
6.83;33.00;0.00
2.46;25.00;0.00
3.32;43.00;0.00
1.45;14.00;0.00
2.54;30.00;0.00
3.70;43.00;0.00
1.44;7.00;0.00
2.03;18.00;0.00
6.04;40.00;0.00
1.10;40.00;0.00
9.44;16.00;1.00
2.38;8.00;0.00
5.96;13.00;0.00
6.82;21.00;0.00
7.62;47.00;0.00
9.07;44.00;0.00
3.81;29.00;0.00
8.50;9.00;1.00
5.68;45.00;0.00
7.84;30.00;0.00
1.03;6.00;0.00
5.40;40.00;0.00
1.33;36.00;0.00
1.63;25.00;0.00
3.77;19.00;0.00
5.00;15.00;0.00
4.56;23.00;0.00
7.95;12.00;1.00
7.93;42.00;0.00
1.58;33.00;0.00
3.46;6.00;0.00
1.87;11.00;0.00
5.32;38.00;0.00
5.38;31.00;0.00
6.89;31.00;0.00
8.15;30.00;0.00
0.68;16.00;0.00
7.11;44.00;0.00
7.18;17.00;1.00
0.39;31.00;0.00
7.87;34.00;0.00
2.92;36.00;0.00
6.21;30.00;0.00
0.10;48.00;0.00
4.33;43.00;0.00
6.10;0.00;1.00
1.57;7.00;0.00
5.75;21.00;0.00
7.17;38.00;0.00
3.34;22.00;0.00
6.17;33.00;0.00
1.85;38.00;0.00
8.81;37.00;0.00
6.97;30.00;0.00
2.37;7.00;0.00
5.27;21.00;0.00
1.69;9.00;0.00
4.44;2.00;0.00
3.31;22.00;0.00
0.60;36.00;0.00
1.63;6.00;0.00
7.24;33.00;0.00
2.29;12.00;0.00
0.31;26.00;0.00
8.56;1.00;1.00
1.98;40.00;0.00
6.56;30.00;0.00
7.63;13.00;1.00
5.75;15.00;0.00
1.93;42.00;0.00
7.58;21.00;0.00
5.10;15.00;0.00
0.89;49.00;0.00
7.45;48.00;0.00
6.06;12.00;1.00
6.92;35.00;0.00
5.81;10.00;0.00
4.63;38.00;0.00
9.94;47.00;0.00
8.74;5.00;1.00
3.11;32.00;0.00
9.13;10.00;1.00
1.79;48.00;0.00
2.74;5.00;0.00
4.36;18.00;0.00
0.64;24.00;0.00
2.39;41.00;0.00
6.26;2.00;1.00
4.69;11.00;0.00
0.68;9.00;0.00
3.41;19.00;0.00
9.77;37.00;0.00
9.00;29.00;0.00
3.50;30.00;0.00
3.57;34.00;0.00
8.83;34.00;0.00
0.71;43.00;0.00
5.08;35.00;0.00
4.32;39.00;0.00
7.92;33.00;0.00
1.45;34.00;0.00
7.96;23.00;0.00
4.78;40.00;0.00
1.57;1.00;0.00
6.23;36.00;0.00
4.90;23.00;0.00
1.92;32.00;0.00
4.74;18.00;0.00
2.94;37.00;0.00
9.62;35.00;0.00
1.24;27.00;0.00
3.22;35.00;0.00
9.73;38.00;0.00
5.44;33.00;0.00
4.05;29.00;0.00
3.76;4.00;0.00
2.70;29.00;0.00
5.93;0.00;0.00
6.83;40.00;0.00
4.53;39.00;0.00
2.88;20.00;0.00
4.54;29.00;0.00
9.20;12.00;1.00
1.01;2.00;0.00
4.11;35.00;0.00
2.58;2.00;0.00
9.36;28.00;0.00
0.91;39.00;0.00
1.30;10.00;0.00
4.87;42.00;0.00
6.77;1.00;1.00
2.26;22.00;0.00
3.85;26.00;0.00
9.06;45.00;0.00
5.08;4.00;0.00
4.88;29.00;0.00
5.90;24.00;0.00
8.84;36.00;0.00
4.51;8.00;0.00
5.59;10.00;0.00
4.94;19.00;0.00
9.40;26.00;0.00
3.10;16.00;0.00
2.24;5.00;0.00
4.21;10.00;0.00
4.79;31.00;0.00
5.63;45.00;0.00
8.61;32.00;0.00
7.87;0.00;1.00
0.71;36.00;0.00
2.28;18.00;0.00
4.42;40.00;0.00
7.09;32.00;0.00
6.06;25.00;0.00
8.19;48.00;0.00
9.34;41.00;0.00
6.64;3.00;1.00
7.60;49.00;0.00
0.91;30.00;0.00
1.44;20.00;0.00
9.40;35.00;0.00
2.81;28.00;0.00
7.11;24.00;0.00
0.44;1.00;0.00
1.69;34.00;0.00
3.46;8.00;0.00
1.01;41.00;0.00
9.83;14.00;1.00
1.03;11.00;0.00
9.03;28.00;0.00
9.21;11.00;1.00
8.28;35.00;0.00
6.43;9.00;1.00
8.59;37.00;0.00
9.17;20.00;0.00
4.64;19.00;0.00
0.67;9.00;0.00
2.08;2.00;0.00
3.09;8.00;0.00
9.47;35.00;0.00
5.55;43.00;0.00
3.86;31.00;0.00
7.05;25.00;0.00
6.80;6.00;1.00
3.62;1.00;0.00
3.82;31.00;0.00
9.59;28.00;0.00
9.09;49.00;0.00
9.57;17.00;1.00
7.77;49.00;0.00
8.75;17.00;1.00
9.00;9.00;1.00
7.80;7.00;1.00
2.87;23.00;0.00
0.92;35.00;0.00
6.42;22.00;0.00
7.36;6.00;1.00
2.15;37.00;0.00
8.61;48.00;0.00
0.83;18.00;0.00
1.20;35.00;0.00
9.40;18.00;1.00
9.91;43.00;0.00
3.60;13.00;0.00
2.20;6.00;0.00
9.20;24.00;0.00
0.02;14.00;0.00
7.29;4.00;1.00
7.90;0.00;1.00
8.64;35.00;0.00
9.16;22.00;0.00
0.95;10.00;0.00
3.11;34.00;0.00
3.70;21.00;0.00
7.89;29.00;0.00
2.92;11.00;0.00
5.65;24.00;0.00
8.03;27.00;0.00
5.83;49.00;0.00
8.51;39.00;0.00
0.89;27.00;0.00
5.28;17.00;0.00
1.14;6.00;0.00
1.83;32.00;0.00
3.20;6.00;0.00
4.54;7.00;0.00
8.37;22.00;0.00
9.84;14.00;1.00
7.27;29.00;0.00
4.13;46.00;0.00
6.01;30.00;0.00
2.62;22.00;0.00
0.17;18.00;0.00
8.09;34.00;0.00
2.16;46.00;0.00
1.49;4.00;0.00
1.97;1.00;0.00
8.74;39.00;0.00
0.81;5.00;0.00
2.15;1.00;0.00
2.04;16.00;0.00
6.16;5.00;1.00
5.58;6.00;0.00
8.88;43.00;0.00
4.94;16.00;0.00
7.46;25.00;0.00
6.13;26.00;0.00
9.76;22.00;0.00
5.82;30.00;0.00
9.78;43.00;0.00
2.11;16.00;0.00
3.09;9.00;0.00
8.39;17.00;1.00
6.14;8.00;1.00
9.64;4.00;1.00
2.21;6.00;0.00
7.91;24.00;0.00
3.48;33.00;0.00
7.24;39.00;0.00
6.79;4.00;1.00
8.32;30.00;0.00
6.55;28.00;0.00
7.50;0.00;1.00
2.14;49.00;0.00
5.32;11.00;0.00
7.18;33.00;0.00
2.32;5.00;0.00
4.39;21.00;0.00
0.50;38.00;0.00
2.02;25.00;0.00
0.31;49.00;0.00
4.60;44.00;0.00
0.77;30.00;0.00
1.41;4.00;0.00
3.27;3.00;0.00
3.01;14.00;0.00
8.75;4.00;1.00
1.09;11.00;0.00
1.04;32.00;0.00
4.81;22.00;0.00
6.73;15.00;1.00
1.31;18.00;0.00
4.16;1.00;0.00
5.71;32.00;0.00
5.64;1.00;0.00
1.71;30.00;0.00
7.72;19.00;0.00
8.11;11.00;1.00
5.41;18.00;0.00
9.27;0.00;1.00
5.52;46.00;0.00
1.54;20.00;0.00
3.17;47.00;0.00
1.30;21.00;0.00
6.54;44.00;0.00
9.86;33.00;0.00
8.11;19.00;0.00
6.57;23.00;0.00
4.10;48.00;0.00
9.04;42.00;0.00
6.24;33.00;0.00
6.83;15.00;1.00
2.63;40.00;0.00
8.51;21.00;0.00
8.31;1.00;1.00
9.92;48.00;0.00
0.38;26.00;0.00
5.25;11.00;0.00
1.14;6.00;0.00
5.09;41.00;0.00
1.46;24.00;0.00
9.37;45.00;0.00
0.48;13.00;0.00
6.00;17.00;1.00
0.44;25.00;0.00
8.20;15.00;1.00
8.58;35.00;0.00
7.86;22.00;0.00
7.14;3.00;1.00
8.54;47.00;0.00
5.26;47.00;0.00
4.36;34.00;0.00
6.73;5.00;1.00
3.16;19.00;0.00
8.09;43.00;0.00
3.28;0.00;0.00
1.16;9.00;0.00
9.48;41.00;0.00
3.34;21.00;0.00
6.21;0.00;1.00
2.29;5.00;0.00
4.56;8.00;0.00
5.48;37.00;0.00
0.77;8.00;0.00
8.19;6.00;1.00
0.41;35.00;0.00
1.32;5.00;0.00
3.08;1.00;0.00
1.00;25.00;0.00
5.37;37.00;0.00
9.02;35.00;0.00
2.10;47.00;0.00
4.91;40.00;0.00
8.58;4.00;1.00
7.42;34.00;0.00
1.68;43.00;0.00
3.87;46.00;0.00
6.30;12.00;1.00
8.03;34.00;0.00
9.45;12.00;1.00
5.66;40.00;0.00
4.91;30.00;0.00
9.75;39.00;0.00
8.20;42.00;0.00
5.55;23.00;0.00
0.43;41.00;0.00
9.96;2.00;1.00
1.36;19.00;0.00
7.46;16.00;1.00
3.21;2.00;0.00
8.66;28.00;0.00
4.16;49.00;0.00
3.56;36.00;0.00
9.83;26.00;0.00
7.61;29.00;0.00
9.17;5.00;1.00
2.30;31.00;0.00
0.27;49.00;0.00
9.25;12.00;1.00
1.64;44.00;0.00
8.86;33.00;0.00
5.81;23.00;0.00
1.95;11.00;0.00
9.93;18.00;1.00
1.81;12.00;0.00
1.76;42.00;0.00
0.03;48.00;0.00
6.43;45.00;0.00
7.34;42.00;0.00
9.66;23.00;0.00
3.87;26.00;0.00
7.02;29.00;0.00
9.40;31.00;0.00
0.70;40.00;0.00
6.34;38.00;0.00
7.14;2.00;1.00
6.90;7.00;1.00
5.24;12.00;0.00
3.60;27.00;0.00
9.91;14.00;1.00
9.94;15.00;1.00
0.56;17.00;0.00
2.82;45.00;0.00
3.18;17.00;0.00
7.00;4.00;1.00
6.94;24.00;0.00
8.99;0.00;1.00
1.64;9.00;0.00
9.34;26.00;0.00
8.99;35.00;0.00
0.30;13.00;0.00
2.97;21.00;0.00
6.95;23.00;0.00
5.05;31.00;0.00
6.78;42.00;0.00
5.34;24.00;0.00
3.83;6.00;0.00
5.92;18.00;0.00
0.46;44.00;0.00
8.02;19.00;0.00
4.07;2.00;0.00
8.57;3.00;1.00
0.28;17.00;0.00
2.54;23.00;0.00
1.12;29.00;0.00
5.54;8.00;0.00
9.74;28.00;0.00
6.93;7.00;1.00
3.18;47.00;0.00
9.51;30.00;0.00
1.81;46.00;0.00
9.41;13.00;1.00
0.69;3.00;0.00
7.37;1.00;1.00
4.82;29.00;0.00
8.60;18.00;1.00
8.62;5.00;1.00
0.52;42.00;0.00
7.68;6.00;1.00
2.55;40.00;0.00
9.25;10.00;1.00
2.21;11.00;0.00
8.63;19.00;0.00
4.81;24.00;0.00
0.20;44.00;0.00
5.28;47.00;0.00
3.72;0.00;0.00
0.01;26.00;0.00
6.11;46.00;0.00
9.62;41.00;0.00
2.84;17.00;0.00
1.22;26.00;0.00
7.73;43.00;0.00
6.75;49.00;0.00
4.65;46.00;0.00
1.40;10.00;0.00
2.54;21.00;0.00
8.19;38.00;0.00
0.44;15.00;0.00
1.13;3.00;0.00
4.59;44.00;0.00
9.93;11.00;1.00
5.84;46.00;0.00
3.75;8.00;0.00
2.74;47.00;0.00
5.55;21.00;0.00
0.07;23.00;0.00
3.93;25.00;0.00
0.16;28.00;0.00
8.30;16.00;1.00
2.94;45.00;0.00
7.09;5.00;1.00
3.91;49.00;0.00
0.92;0.00;0.00
8.05;16.00;1.00
2.46;43.00;0.00
1.21;36.00;0.00
9.07;49.00;0.00
8.26;45.00;0.00
7.67;48.00;0.00
5.42;20.00;0.00
6.89;43.00;0.00
1.65;8.00;0.00
4.10;27.00;0.00
6.39;21.00;0.00
3.40;27.00;0.00
4.22;29.00;0.00
2.77;18.00;0.00
4.25;43.00;0.00
2.24;47.00;0.00
2.31;30.00;0.00
6.38;4.00;1.00
0.70;9.00;0.00
0.45;35.00;0.00
5.45;17.00;0.00
3.10;47.00;0.00
9.64;9.00;1.00
9.19;13.00;1.00
1.11;25.00;0.00
4.47;47.00;0.00
0.33;23.00;0.00
9.20;17.00;1.00
7.75;40.00;0.00
8.16;22.00;0.00
2.16;4.00;0.00
5.80;16.00;0.00
3.45;41.00;0.00
6.86;4.00;1.00
3.13;46.00;0.00
5.30;28.00;0.00
0.26;15.00;0.00
1.59;36.00;0.00
9.61;1.00;1.00
4.96;6.00;0.00
1.46;0.00;0.00
4.04;30.00;0.00
0.29;40.00;0.00
0.22;49.00;0.00
9.00;0.00;1.00
3.39;46.00;0.00
1.16;22.00;0.00
7.26;7.00;1.00
8.56;18.00;1.00
0.15;45.00;0.00
1.66;37.00;0.00
2.13;46.00;0.00
8.15;8.00;1.00
5.16;43.00;0.00
5.51;2.00;0.00
2.14;22.00;0.00
2.68;12.00;0.00
6.93;32.00;0.00
4.68;28.00;0.00
6.15;39.00;0.00
3.30;8.00;0.00
1.28;28.00;0.00
0.93;5.00;0.00
2.16;13.00;0.00
0.93;48.00;0.00
5.73;9.00;0.00
9.96;2.00;1.00
3.61;38.00;0.00
2.17;3.00;0.00
1.02;44.00;0.00
4.57;22.00;0.00
4.04;28.00;0.00
4.46;9.00;0.00
8.72;13.00;1.00
8.67;32.00;0.00
2.28;36.00;0.00
2.11;35.00;0.00
4.97;47.00;0.00
0.12;40.00;0.00
9.35;40.00;0.00
4.41;43.00;0.00
9.91;41.00;0.00
4.84;23.00;0.00
7.84;19.00;0.00
3.99;0.00;0.00
5.21;44.00;0.00
7.99;28.00;0.00
5.52;16.00;0.00
1.11;49.00;0.00
7.74;46.00;0.00
4.17;21.00;0.00
0.91;32.00;0.00
3.78;12.00;0.00
7.39;33.00;0.00
0.43;46.00;0.00
4.58;18.00;0.00
6.50;9.00;1.00
9.75;15.00;1.00
8.98;4.00;1.00
3.86;12.00;0.00
9.48;47.00;0.00
4.14;47.00;0.00
6.19;3.00;1.00
9.54;29.00;0.00
5.41;45.00;0.00
9.56;2.00;1.00
6.63;25.00;0.00
3.97;28.00;0.00
6.80;7.00;1.00
4.24;2.00;0.00
5.41;3.00;0.00
4.01;20.00;0.00
3.18;16.00;0.00
6.79;10.00;1.00
0.04;9.00;0.00
6.75;31.00;0.00
6.26;5.00;1.00
2.50;0.00;0.00
2.91;28.00;0.00
9.15;38.00;0.00
1.22;3.00;0.00
4.95;48.00;0.00
2.09;31.00;0.00
3.30;40.00;0.00
4.87;43.00;0.00
1.20;25.00;0.00
3.94;11.00;0.00
7.02;14.00;1.00
6.97;36.00;0.00
8.16;36.00;0.00
6.60;26.00;0.00
5.50;17.00;0.00
7.26;43.00;0.00
4.27;20.00;0.00
9.60;10.00;1.00
7.54;0.00;1.00
9.56;1.00;1.00
1.38;18.00;0.00
6.51;10.00;1.00
2.88;32.00;0.00
6.82;44.00;0.00
9.78;4.00;1.00
8.93;25.00;0.00
8.75;12.00;1.00
3.00;4.00;0.00
2.06;11.00;0.00
2.57;1.00;0.00
1.77;3.00;0.00
6.11;42.00;0.00
5.50;25.00;0.00
7.17;25.00;0.00
1.72;21.00;0.00
6.95;21.00;0.00
6.18;5.00;1.00
6.57;12.00;1.00
7.89;38.00;0.00
2.78;22.00;0.00
6.01;8.00;1.00
6.89;23.00;0.00
6.67;43.00;0.00
1.94;8.00;0.00
9.11;10.00;1.00
4.11;36.00;0.00
9.04;4.00;1.00
0.38;32.00;0.00
7.87;40.00;0.00
6.68;4.00;1.00
9.63;24.00;0.00
6.80;31.00;0.00
9.80;28.00;0.00
8.56;11.00;1.00
3.32;21.00;0.00
6.71;24.00;0.00
7.35;34.00;0.00
1.24;1.00;0.00
9.21;31.00;0.00
8.53;17.00;1.00
8.37;19.00;0.00
2.19;33.00;0.00
5.43;6.00;0.00
6.30;2.00;1.00
1.02;18.00;0.00
1.64;14.00;0.00
9.79;0.00;1.00
6.33;3.00;1.00
6.98;12.00;1.00
2.29;8.00;0.00
1.11;41.00;0.00
1.31;43.00;0.00
7.22;26.00;0.00
6.98;34.00;0.00
2.11;14.00;0.00
3.93;11.00;0.00
3.95;35.00;0.00
1.10;31.00;0.00
4.05;30.00;0.00
6.19;44.00;0.00
2.82;12.00;0.00
3.93;27.00;0.00
4.31;12.00;0.00
1.23;19.00;0.00
2.07;28.00;0.00
0.95;4.00;0.00
5.51;35.00;0.00
5.89;26.00;0.00
2.70;0.00;0.00
8.05;0.00;1.00
8.07;23.00;0.00
3.44;25.00;0.00
4.77;49.00;0.00
3.79;22.00;0.00
7.76;11.00;1.00
4.72;38.00;0.00
3.24;43.00;0.00
9.57;8.00;1.00
4.81;46.00;0.00
5.44;42.00;0.00
2.97;11.00;0.00
9.70;40.00;0.00
2.52;3.00;0.00
7.62;42.00;0.00
1.59;30.00;0.00
7.67;42.00;0.00
8.52;7.00;1.00
7.29;20.00;0.00
7.72;8.00;1.00
2.58;15.00;0.00
8.35;45.00;0.00
8.95;9.00;1.00
5.38;5.00;0.00
1.61;5.00;0.00
7.56;17.00;1.00
8.31;33.00;0.00
9.55;9.00;1.00
1.45;5.00;0.00
1.13;5.00;0.00
5.50;25.00;0.00
4.80;29.00;0.00
5.34;20.00;0.00
6.87;39.00;0.00
4.42;44.00;0.00
3.58;44.00;0.00
1.70;19.00;0.00
2.77;13.00;0.00
0.10;26.00;0.00
7.22;18.00;1.00
0.09;49.00;0.00
3.29;12.00;0.00
4.75;0.00;0.00
4.26;6.00;0.00
1.83;21.00;0.00
9.04;13.00;1.00
3.50;16.00;0.00
4.33;47.00;0.00
0.04;11.00;0.00
4.24;2.00;0.00
0.99;3.00;0.00
4.81;28.00;0.00
6.43;10.00;1.00
2.19;9.00;0.00
1.56;37.00;0.00
9.87;13.00;1.00
0.75;8.00;0.00
3.41;19.00;0.00
4.43;30.00;0.00
3.98;27.00;0.00
9.89;36.00;0.00
2.31;43.00;0.00
6.55;16.00;1.00
5.59;38.00;0.00
3.94;4.00;0.00
6.51;39.00;0.00
5.82;31.00;0.00
0.73;25.00;0.00
8.12;43.00;0.00
4.76;10.00;0.00
7.11;46.00;0.00
3.44;1.00;0.00
7.33;12.00;1.00
0.45;21.00;0.00
1.64;34.00;0.00
8.69;28.00;0.00
8.19;32.00;0.00
9.20;37.00;0.00
0.84;37.00;0.00
4.60;25.00;0.00
0.70;4.00;0.00
3.92;37.00;0.00
1.39;11.00;0.00
2.18;8.00;0.00
3.75;29.00;0.00
9.21;29.00;0.00
5.85;37.00;0.00
0.27;37.00;0.00
0.20;16.00;0.00
0.15;31.00;0.00
7.13;49.00;0.00
6.94;21.00;0.00
1.58;29.00;0.00
4.46;36.00;0.00
2.05;37.00;0.00
8.38;21.00;0.00
2.23;29.00;0.00
3.06;42.00;0.00
2.39;4.00;0.00
1.81;34.00;0.00
0.85;7.00;0.00
8.88;41.00;0.00
3.26;15.00;0.00
5.11;30.00;0.00
1.72;49.00;0.00
8.50;38.00;0.00
7.42;22.00;0.00
0.00;0.00;0.00
9.76;25.00;0.00
3.94;39.00;0.00
9.16;35.00;0.00
9.22;37.00;0.00
1.90;35.00;0.00
1.08;47.00;0.00
0.63;26.00;0.00
2.78;48.00;0.00
0.65;23.00;0.00
9.59;33.00;0.00
1.54;45.00;0.00
5.07;27.00;0.00
8.23;29.00;0.00
0.19;47.00;0.00
2.08;8.00;0.00
5.06;17.00;0.00
5.25;48.00;0.00
9.67;10.00;1.00
2.59;23.00;0.00
7.36;5.00;1.00
4.68;0.00;0.00
7.24;24.00;0.00
4.57;47.00;0.00
0.56;14.00;0.00
5.03;3.00;0.00
0.42;47.00;0.00
8.55;45.00;0.00
8.10;18.00;1.00
6.83;27.00;0.00
0.89;27.00;0.00
6.81;38.00;0.00
5.00;34.00;0.00
3.83;19.00;0.00
8.48;15.00;1.00
1.59;46.00;0.00
0.45;49.00;0.00
4.98;36.00;0.00
0.14;12.00;0.00
4.87;7.00;0.00
6.26;48.00;0.00
0.10;12.00;0.00
2.02;40.00;0.00
9.93;42.00;0.00
8.14;15.00;1.00
4.60;25.00;0.00
1.53;12.00;0.00
5.13;2.00;0.00
5.11;39.00;0.00
6.73;1.00;1.00
7.94;28.00;0.00
9.38;30.00;0.00
6.35;24.00;0.00
7.11;1.00;1.00
8.60;9.00;1.00
3.18;19.00;0.00
9.12;48.00;0.00
0.46;23.00;0.00
3.98;14.00;0.00
4.30;49.00;0.00
3.87;35.00;0.00
0.56;32.00;0.00
3.51;48.00;0.00
5.30;1.00;0.00
2.74;2.00;0.00
1.91;5.00;0.00
1.57;29.00;0.00
3.41;6.00;0.00
2.29;26.00;0.00
3.20;39.00;0.00
8.39;25.00;0.00
3.97;39.00;0.00
1.06;2.00;0.00
8.01;21.00;0.00
2.19;21.00;0.00
3.59;30.00;0.00
2.50;32.00;0.00
0.40;38.00;0.00
1.46;8.00;0.00
5.59;34.00;0.00
2.53;48.00;0.00
9.55;25.00;0.00
9.01;23.00;0.00
3.85;34.00;0.00
9.75;37.00;0.00
0.53;3.00;0.00
5.71;11.00;0.00
8.42;21.00;0.00
3.32;29.00;0.00
0.79;24.00;0.00
2.44;14.00;0.00
1.44;34.00;0.00
5.55;13.00;0.00
2.23;15.00;0.00
0.92;39.00;0.00
2.39;35.00;0.00
6.83;6.00;1.00
4.15;32.00;0.00
4.79;0.00;0.00
3.70;38.00;0.00
5.28;1.00;0.00
4.07;14.00;0.00
1.70;37.00;0.00
3.65;16.00;0.00
4.22;38.00;0.00
6.22;17.00;1.00
8.30;0.00;1.00
7.97;35.00;0.00
4.30;13.00;0.00
1.98;30.00;0.00
9.19;14.00;1.00
0.15;1.00;0.00
7.87;28.00;0.00
1.90;15.00;0.00
9.89;45.00;0.00
7.91;47.00;0.00
2.26;39.00;0.00
1.11;13.00;0.00
4.80;30.00;0.00
8.81;40.00;0.00
7.89;26.00;0.00
0.58;7.00;0.00
7.43;47.00;0.00
8.66;27.00;0.00
7.94;24.00;0.00
0.29;38.00;0.00
9.20;47.00;0.00
7.39;8.00;1.00
9.39;24.00;0.00
6.83;18.00;1.00
7.42;11.00;1.00
6.64;0.00;1.00
8.12;8.00;1.00
6.43;14.00;1.00
3.34;46.00;0.00
3.81;47.00;0.00
5.04;12.00;0.00
6.57;45.00;0.00
0.89;46.00;0.00
4.76;47.00;0.00
1.76;30.00;0.00
5.53;8.00;0.00
0.94;16.00;0.00
5.04;33.00;0.00
3.61;5.00;0.00
4.95;16.00;0.00
3.11;36.00;0.00
6.80;3.00;1.00
9.02;23.00;0.00
9.49;40.00;0.00
2.04;49.00;0.00
5.55;42.00;0.00
3.82;12.00;0.00
8.18;18.00;1.00
1.53;42.00;0.00
1.88;40.00;0.00
9.92;25.00;0.00
4.22;19.00;0.00
4.16;37.00;0.00
6.47;10.00;1.00
9.92;16.00;1.00
4.29;7.00;0.00
0.35;36.00;0.00
6.24;16.00;1.00
7.56;26.00;0.00
7.14;47.00;0.00
3.30;11.00;0.00
5.86;21.00;0.00
7.84;46.00;0.00
2.13;41.00;0.00
6.87;33.00;0.00
0.37;1.00;0.00
4.73;28.00;0.00
4.32;39.00;0.00
0.43;20.00;0.00
8.99;20.00;0.00
0.73;45.00;0.00
5.69;26.00;0.00
9.96;42.00;0.00
5.74;13.00;0.00
1.37;10.00;0.00
4.60;48.00;0.00
0.67;24.00;0.00
2.80;23.00;0.00
8.36;24.00;0.00
6.81;46.00;0.00
0.36;21.00;0.00
6.68;34.00;0.00
0.84;34.00;0.00
7.40;26.00;0.00
1.41;14.00;0.00
5.38;4.00;0.00
2.82;4.00;0.00
2.05;41.00;0.00
8.07;42.00;0.00
2.40;28.00;0.00
8.16;44.00;0.00
0.03;21.00;0.00
0.68;43.00;0.00
9.87;46.00;0.00
6.73;33.00;0.00
8.57;41.00;0.00
1.06;37.00;0.00
3.41;21.00;0.00
9.29;26.00;0.00
2.85;10.00;0.00
8.35;26.00;0.00
3.18;22.00;0.00
7.32;11.00;1.00
9.90;3.00;1.00
8.78;47.00;0.00
0.33;49.00;0.00
1.73;32.00;0.00
9.90;7.00;1.00
9.69;18.00;1.00
0.71;22.00;0.00
1.69;46.00;0.00
4.60;15.00;0.00
4.49;27.00;0.00
9.05;36.00;0.00
5.35;10.00;0.00
8.65;32.00;0.00
8.46;16.00;1.00
2.99;32.00;0.00
7.38;14.00;1.00
5.13;29.00;0.00
0.35;8.00;0.00
9.01;15.00;1.00
7.23;9.00;1.00
5.05;10.00;0.00
2.80;8.00;0.00
3.70;0.00;0.00
9.78;0.00;1.00
0.55;42.00;0.00
6.47;15.00;1.00
4.34;27.00;0.00
7.61;9.00;1.00
4.13;6.00;0.00
0.98;38.00;0.00
7.18;15.00;1.00
9.29;47.00;0.00
3.48;30.00;0.00
7.03;41.00;0.00
6.21;3.00;1.00
1.46;16.00;0.00
6.14;16.00;1.00
9.80;3.00;1.00
8.05;27.00;0.00
2.62;7.00;0.00
9.89;45.00;0.00
0.73;28.00;0.00
8.26;46.00;0.00
6.77;39.00;0.00
6.52;10.00;1.00
6.27;47.00;0.00
2.38;44.00;0.00
6.13;10.00;1.00
0.63;47.00;0.00
8.59;43.00;0.00
0.63;18.00;0.00
3.34;37.00;0.00
4.24;36.00;0.00
9.62;49.00;0.00
4.08;39.00;0.00
2.33;16.00;0.00
1.53;44.00;0.00
8.05;7.00;1.00
4.21;26.00;0.00
6.70;32.00;0.00
7.92;38.00;0.00
3.16;1.00;0.00
4.96;10.00;0.00
3.16;32.00;0.00
4.27;8.00;0.00
9.08;12.00;1.00
6.14;35.00;0.00
0.29;47.00;0.00
0.27;11.00;0.00
9.88;41.00;0.00
1.18;19.00;0.00
4.10;17.00;0.00
1.96;5.00;0.00
8.87;13.00;1.00
0.56;36.00;0.00
6.87;49.00;0.00
5.88;13.00;0.00
2.05;29.00;0.00
4.70;12.00;0.00
9.80;19.00;0.00
5.74;24.00;0.00
0.28;20.00;0.00
3.22;0.00;0.00
2.13;42.00;0.00
6.03;39.00;0.00
0.26;9.00;0.00
2.69;31.00;0.00
3.06;27.00;0.00
4.35;7.00;0.00
5.42;37.00;0.00
7.13;29.00;0.00
6.57;10.00;1.00
4.22;1.00;0.00
9.69;48.00;0.00
7.94;17.00;1.00
6.24;3.00;1.00
1.10;22.00;0.00
3.28;49.00;0.00
7.19;18.00;1.00
8.88;43.00;0.00
9.00;31.00;0.00
1.08;4.00;0.00
3.52;22.00;0.00
1.02;36.00;0.00
4.45;11.00;0.00
5.19;0.00;0.00
2.15;16.00;0.00
3.16;12.00;0.00
8.03;22.00;0.00
1.61;38.00;0.00
1.69;2.00;0.00
0.95;47.00;0.00
4.56;33.00;0.00
2.96;22.00;0.00
7.33;40.00;0.00
3.33;23.00;0.00
3.37;26.00;0.00
9.89;38.00;0.00
8.95;20.00;0.00
1.43;40.00;0.00
6.81;35.00;0.00
9.37;49.00;0.00
9.71;23.00;0.00
6.51;39.00;0.00
9.15;29.00;0.00
5.32;43.00;0.00
3.26;3.00;0.00
2.34;7.00;0.00
7.21;44.00;0.00
0.70;14.00;0.00
7.10;30.00;0.00
2.21;30.00;0.00
5.95;21.00;0.00
1.86;15.00;0.00
3.95;17.00;0.00
7.71;5.00;1.00
0.16;45.00;0.00
1.89;16.00;0.00
1.89;45.00;0.00
8.74;16.00;1.00
4.56;46.00;0.00
4.93;41.00;0.00
8.61;42.00;0.00
5.28;22.00;0.00
8.60;45.00;0.00
4.08;4.00;0.00
9.28;10.00;1.00
0.16;19.00;0.00
7.78;11.00;1.00
7.57;9.00;1.00
4.09;21.00;0.00
1.43;37.00;0.00
4.12;27.00;0.00
7.35;22.00;0.00
8.80;22.00;0.00
6.80;33.00;0.00
1.68;39.00;0.00
9.44;10.00;1.00
8.63;10.00;1.00
9.57;43.00;0.00
7.09;18.00;1.00
8.70;1.00;1.00
5.17;45.00;0.00
4.72;38.00;0.00
2.62;34.00;0.00
9.03;38.00;0.00
4.11;45.00;0.00
2.48;25.00;0.00
8.80;24.00;0.00
6.82;34.00;0.00
9.51;3.00;1.00
6.27;11.00;1.00
8.40;27.00;0.00
5.76;25.00;0.00
4.96;30.00;0.00
5.91;3.00;0.00
1.14;2.00;0.00
3.55;24.00;0.00
2.85;40.00;0.00
0.32;1.00;0.00
4.90;15.00;0.00
8.09;43.00;0.00
4.40;34.00;0.00
7.32;10.00;1.00
9.04;30.00;0.00
9.08;10.00;1.00
6.89;40.00;0.00
0.98;41.00;0.00
8.36;4.00;1.00
6.39;22.00;0.00
2.99;40.00;0.00
6.13;49.00;0.00
9.33;11.00;1.00
0.05;7.00;0.00
4.41;21.00;0.00
5.03;45.00;0.00
0.74;39.00;0.00
2.67;26.00;0.00
3.81;48.00;0.00
4.39;4.00;0.00
0.84;4.00;0.00
1.70;0.00;0.00
4.19;12.00;0.00
9.67;45.00;0.00
4.82;30.00;0.00
7.65;18.00;1.00
5.43;35.00;0.00
3.51;6.00;0.00
1.76;27.00;0.00
2.34;39.00;0.00
8.63;20.00;0.00
9.28;21.00;0.00
5.03;0.00;0.00
6.37;40.00;0.00
0.72;25.00;0.00
3.45;37.00;0.00
1.42;21.00;0.00
3.95;30.00;0.00
3.61;26.00;0.00
3.54;27.00;0.00
4.46;10.00;0.00
6.91;44.00;0.00
0.17;8.00;0.00
6.79;11.00;1.00
2.30;39.00;0.00
4.81;2.00;0.00
3.95;45.00;0.00
0.32;41.00;0.00
9.66;19.00;0.00
7.03;15.00;1.00
7.38;13.00;1.00
0.54;10.00;0.00
0.98;1.00;0.00
9.93;14.00;1.00
7.50;7.00;1.00
6.57;30.00;0.00
5.17;35.00;0.00
7.45;36.00;0.00
1.72;36.00;0.00
9.44;6.00;1.00
0.48;0.00;0.00
6.47;23.00;0.00
0.85;3.00;0.00
6.38;32.00;0.00
6.38;6.00;1.00
1.72;16.00;0.00
3.07;36.00;0.00
4.18;23.00;0.00
1.11;18.00;0.00
8.03;35.00;0.00
5.10;4.00;0.00
0.72;19.00;0.00
8.11;15.00;1.00
9.54;24.00;0.00
0.31;8.00;0.00
1.47;20.00;0.00
2.22;38.00;0.00
9.25;7.00;1.00
2.56;23.00;0.00
9.30;28.00;0.00
2.01;12.00;0.00
3.64;29.00;0.00
7.87;25.00;0.00
3.97;42.00;0.00
2.91;8.00;0.00
8.52;22.00;0.00
1.19;43.00;0.00
2.81;29.00;0.00
7.82;20.00;0.00
6.94;20.00;0.00
7.98;0.00;1.00
7.57;26.00;0.00
1.30;38.00;0.00
6.15;43.00;0.00
8.48;24.00;0.00
6.93;25.00;0.00
0.85;26.00;0.00
0.47;6.00;0.00
7.65;9.00;1.00
1.08;12.00;0.00
1.55;3.00;0.00
6.06;36.00;0.00
6.89;32.00;0.00
3.18;32.00;0.00
0.58;41.00;0.00
4.37;41.00;0.00
4.27;13.00;0.00
0.58;17.00;0.00
3.44;42.00;0.00
9.11;1.00;1.00
2.25;37.00;0.00
0.35;6.00;0.00
0.00;44.00;0.00
7.36;41.00;0.00
4.22;15.00;0.00
0.34;20.00;0.00
8.66;32.00;0.00
9.00;47.00;0.00
7.83;18.00;1.00
7.13;22.00;0.00
0.41;48.00;0.00
2.15;11.00;0.00
3.63;27.00;0.00
5.40;27.00;0.00
3.01;37.00;0.00
3.90;39.00;0.00
7.05;11.00;1.00
8.77;36.00;0.00
8.41;49.00;0.00
0.11;21.00;0.00
9.58;5.00;1.00
2.82;23.00;0.00
2.17;2.00;0.00
7.27;31.00;0.00
6.21;45.00;0.00
6.60;49.00;0.00
4.81;23.00;0.00
4.58;12.00;0.00
3.48;8.00;0.00
8.48;9.00;1.00
3.85;22.00;0.00
5.87;35.00;0.00
3.02;16.00;0.00
2.17;9.00;0.00
7.55;6.00;1.00
5.03;42.00;0.00
6.24;33.00;0.00
0.33;8.00;0.00
7.76;29.00;0.00
9.27;17.00;1.00
4.63;13.00;0.00
2.02;19.00;0.00
2.21;40.00;0.00
7.41;42.00;0.00
4.01;2.00;0.00
3.80;31.00;0.00
1.70;30.00;0.00
0.90;17.00;0.00
5.86;38.00;0.00
6.26;22.00;0.00
9.24;3.00;1.00
5.12;23.00;0.00
6.24;33.00;0.00
9.29;45.00;0.00
4.92;7.00;0.00
7.69;2.00;1.00
3.66;0.00;0.00
7.13;13.00;1.00
5.30;16.00;0.00
4.54;7.00;0.00
4.88;26.00;0.00
9.86;49.00;0.00
3.93;15.00;0.00
9.21;10.00;1.00
3.15;42.00;0.00
9.14;24.00;0.00
0.84;7.00;0.00
3.49;23.00;0.00
4.08;18.00;0.00
6.20;8.00;1.00
9.57;48.00;0.00
5.57;12.00;0.00
8.88;41.00;0.00
6.86;46.00;0.00
7.89;11.00;1.00
2.29;32.00;0.00
2.21;16.00;0.00
6.55;33.00;0.00
1.68;12.00;0.00
1.01;7.00;0.00
4.80;42.00;0.00
1.83;41.00;0.00
9.67;24.00;0.00
3.38;28.00;0.00
7.35;19.00;0.00
7.67;22.00;0.00
6.00;16.00;1.00
1.61;45.00;0.00
3.88;13.00;0.00
7.88;30.00;0.00
8.43;3.00;1.00
2.37;2.00;0.00
9.78;42.00;0.00
2.09;20.00;0.00
3.48;0.00;0.00
1.20;34.00;0.00
7.79;37.00;0.00
4.47;13.00;0.00
6.39;31.00;0.00
8.23;46.00;0.00
8.05;17.00;1.00
9.94;24.00;0.00
8.56;35.00;0.00
2.37;24.00;0.00
5.52;17.00;0.00
4.85;30.00;0.00
8.72;11.00;1.00
2.25;43.00;0.00
2.91;0.00;0.00
6.08;25.00;0.00
0.35;42.00;0.00
5.42;17.00;0.00
9.07;33.00;0.00
6.98;43.00;0.00
8.64;18.00;1.00
4.78;3.00;0.00
9.12;40.00;0.00
6.82;15.00;1.00
6.06;25.00;0.00
9.79;41.00;0.00
9.79;13.00;1.00
1.95;0.00;0.00
6.84;21.00;0.00
0.79;29.00;0.00
2.97;24.00;0.00
5.73;1.00;0.00
7.03;8.00;1.00
3.56;19.00;0.00
4.30;36.00;0.00
0.93;22.00;0.00
2.22;44.00;0.00
3.98;8.00;0.00
7.61;12.00;1.00
9.55;21.00;0.00
0.23;41.00;0.00
1.36;19.00;0.00
1.85;34.00;0.00
8.99;18.00;1.00
5.88;7.00;0.00
7.53;6.00;1.00
1.68;23.00;0.00
3.67;31.00;0.00
7.66;0.00;1.00
0.77;22.00;0.00
6.76;8.00;1.00
1.67;43.00;0.00
0.87;15.00;0.00
6.04;6.00;1.00
4.70;39.00;0.00
7.68;1.00;1.00
7.08;3.00;1.00
6.59;46.00;0.00
4.18;37.00;0.00
6.93;21.00;0.00
3.21;38.00;0.00
9.62;1.00;1.00
5.52;4.00;0.00
5.34;43.00;0.00
1.10;44.00;0.00
1.68;5.00;0.00
0.61;34.00;0.00
6.26;18.00;1.00
2.40;38.00;0.00
4.96;26.00;0.00
4.82;49.00;0.00
2.90;15.00;0.00
7.39;0.00;1.00
7.51;6.00;1.00
9.34;37.00;0.00
9.31;6.00;1.00
7.86;3.00;1.00
1.67;30.00;0.00
5.20;42.00;0.00
2.22;40.00;0.00
4.48;7.00;0.00
1.75;45.00;0.00
9.85;39.00;0.00
8.06;17.00;1.00
7.05;3.00;1.00
7.44;22.00;0.00
8.66;2.00;1.00
2.41;8.00;0.00
5.94;40.00;0.00
1.01;40.00;0.00
0.33;24.00;0.00
5.78;39.00;0.00
0.88;49.00;0.00
6.42;25.00;0.00
4.21;46.00;0.00
2.89;37.00;0.00
9.70;29.00;0.00
0.47;28.00;0.00
0.93;8.00;0.00
1.68;30.00;0.00
5.95;22.00;0.00
4.48;6.00;0.00
7.15;34.00;0.00
6.38;48.00;0.00
5.87;28.00;0.00
1.03;23.00;0.00
0.30;32.00;0.00
6.27;21.00;0.00
3.21;30.00;0.00
8.39;39.00;0.00
1.85;18.00;0.00
0.00;28.00;0.00
6.12;1.00;1.00
6.52;4.00;1.00
8.01;3.00;1.00
7.18;7.00;1.00
3.15;15.00;0.00
9.93;3.00;1.00
7.12;16.00;1.00
8.18;27.00;0.00
8.31;21.00;0.00
2.35;26.00;0.00
6.62;2.00;1.00
1.56;28.00;0.00
5.90;11.00;0.00
2.66;14.00;0.00
9.37;33.00;0.00
5.73;12.00;0.00
6.53;25.00;0.00
7.90;12.00;1.00
0.10;6.00;0.00
3.98;16.00;0.00
1.38;23.00;0.00
3.67;29.00;0.00
4.39;35.00;0.00
5.53;31.00;0.00
3.31;44.00;0.00
8.48;11.00;1.00
5.55;12.00;0.00
3.90;38.00;0.00
2.17;31.00;0.00
4.95;26.00;0.00
2.67;3.00;0.00
0.78;21.00;0.00
6.18;28.00;0.00
7.71;12.00;1.00
2.56;25.00;0.00
5.58;4.00;0.00
4.74;21.00;0.00
0.76;12.00;0.00
4.33;38.00;0.00
5.27;41.00;0.00
7.21;6.00;1.00
1.75;39.00;0.00
4.25;21.00;0.00
8.32;12.00;1.00
7.25;15.00;1.00
4.23;33.00;0.00
0.44;2.00;0.00
7.51;17.00;1.00
3.40;27.00;0.00
4.50;20.00;0.00
7.40;42.00;0.00
2.20;12.00;0.00
8.53;13.00;1.00
8.83;26.00;0.00
9.24;3.00;1.00
1.04;29.00;0.00
8.86;44.00;0.00
2.93;25.00;0.00
8.84;22.00;0.00
3.48;19.00;0.00
9.36;10.00;1.00
0.74;6.00;0.00
7.21;14.00;1.00
7.85;47.00;0.00
6.61;5.00;1.00
1.61;14.00;0.00
6.61;22.00;0.00
4.00;0.00;0.00
8.80;0.00;1.00
4.93;34.00;0.00
6.89;23.00;0.00
1.92;9.00;0.00
8.12;35.00;0.00
7.31;36.00;0.00
6.39;29.00;0.00
3.08;32.00;0.00
3.44;24.00;0.00
1.61;33.00;0.00
7.96;5.00;1.00
6.84;41.00;0.00
8.47;18.00;1.00
3.95;46.00;0.00
8.73;18.00;1.00
1.83;19.00;0.00
3.54;32.00;0.00
5.20;22.00;0.00
6.99;38.00;0.00
8.60;45.00;0.00
1.45;45.00;0.00
2.57;47.00;0.00
0.30;27.00;0.00
2.66;15.00;0.00
3.72;41.00;0.00
2.96;31.00;0.00
5.93;41.00;0.00
1.30;10.00;0.00
0.88;20.00;0.00
0.06;11.00;0.00
6.23;11.00;1.00
6.61;22.00;0.00
3.97;41.00;0.00
5.42;10.00;0.00
6.33;21.00;0.00
5.24;31.00;0.00
2.02;11.00;0.00
8.39;22.00;0.00
0.15;6.00;0.00
6.06;24.00;0.00
0.22;8.00;0.00
4.40;3.00;0.00
6.33;0.00;1.00
0.22;42.00;0.00
7.60;41.00;0.00
8.78;4.00;1.00
7.06;45.00;0.00
0.41;35.00;0.00
3.97;47.00;0.00
5.53;1.00;0.00
9.25;3.00;1.00
1.47;9.00;0.00
8.45;33.00;0.00
2.94;14.00;0.00
6.97;25.00;0.00
7.83;42.00;0.00
9.62;48.00;0.00
6.86;39.00;0.00
4.84;11.00;0.00
0.56;17.00;0.00
5.30;9.00;0.00
0.96;37.00;0.00
3.04;19.00;0.00
4.02;7.00;0.00
9.90;8.00;1.00
6.60;36.00;0.00
1.67;27.00;0.00
2.28;34.00;0.00
5.81;25.00;0.00
8.83;41.00;0.00
0.38;24.00;0.00
6.95;7.00;1.00
0.36;20.00;0.00
0.50;26.00;0.00
6.98;30.00;0.00
9.75;46.00;0.00
5.08;4.00;0.00
6.49;3.00;1.00
1.98;40.00;0.00
0.43;44.00;0.00
5.40;20.00;0.00
8.26;9.00;1.00
2.87;42.00;0.00
7.23;5.00;1.00
6.83;35.00;0.00
1.49;2.00;0.00
0.11;21.00;0.00
3.82;49.00;0.00
0.08;15.00;0.00
3.09;6.00;0.00
8.44;3.00;1.00
5.00;46.00;0.00
3.99;26.00;0.00
7.96;17.00;1.00
5.41;29.00;0.00
4.32;40.00;0.00
7.87;19.00;0.00
2.79;25.00;0.00
3.92;4.00;0.00
4.50;43.00;0.00
3.07;40.00;0.00
7.70;45.00;0.00
7.18;16.00;1.00
6.96;30.00;0.00
8.94;4.00;1.00
0.12;37.00;0.00
7.99;26.00;0.00
5.92;13.00;0.00
0.62;25.00;0.00
5.67;26.00;0.00
5.62;16.00;0.00
4.61;24.00;0.00
3.93;24.00;0.00
5.82;1.00;0.00
8.72;47.00;0.00
8.26;6.00;1.00
4.04;6.00;0.00
5.83;27.00;0.00
3.60;40.00;0.00
7.56;32.00;0.00
7.49;23.00;0.00
9.83;42.00;0.00
2.96;23.00;0.00
0.41;39.00;0.00
6.53;3.00;1.00
7.76;19.00;0.00
9.18;5.00;1.00
7.42;9.00;1.00
7.76;46.00;0.00
4.24;4.00;0.00
0.31;40.00;0.00
9.22;31.00;0.00
7.56;6.00;1.00
8.48;9.00;1.00
8.13;11.00;1.00
1.87;32.00;0.00
7.45;10.00;1.00
1.26;22.00;0.00
3.67;19.00;0.00
8.70;46.00;0.00
9.71;20.00;0.00
0.18;36.00;0.00
7.64;32.00;0.00
7.55;34.00;0.00
9.67;47.00;0.00
2.80;0.00;0.00
4.93;16.00;0.00
7.81;30.00;0.00
3.72;21.00;0.00
9.15;12.00;1.00
0.34;44.00;0.00
3.56;21.00;0.00
1.80;17.00;0.00
2.84;3.00;0.00
3.17;2.00;0.00
6.80;33.00;0.00
5.35;13.00;0.00
4.58;31.00;0.00
9.39;44.00;0.00
7.47;19.00;0.00
7.97;20.00;0.00
0.50;43.00;0.00
7.99;7.00;1.00
1.84;13.00;0.00
8.14;44.00;0.00
8.72;7.00;1.00
4.40;36.00;0.00
7.82;39.00;0.00
2.13;17.00;0.00
0.27;19.00;0.00
4.92;2.00;0.00
3.49;19.00;0.00
0.06;14.00;0.00
5.12;17.00;0.00
9.43;40.00;0.00
1.40;34.00;0.00
5.89;40.00;0.00
6.27;27.00;0.00
9.38;46.00;0.00
1.98;24.00;0.00
6.03;17.00;1.00
7.27;27.00;0.00
9.07;18.00;1.00
6.06;8.00;1.00
3.30;48.00;0.00
9.95;25.00;0.00
8.32;46.00;0.00
3.57;14.00;0.00
2.94;5.00;0.00
7.10;25.00;0.00
7.37;16.00;1.00
7.51;1.00;1.00
5.80;8.00;0.00
8.19;9.00;1.00
9.23;44.00;0.00
3.87;41.00;0.00
9.46;7.00;1.00
9.89;39.00;0.00
0.62;15.00;0.00
0.86;24.00;0.00
8.28;9.00;1.00
4.99;20.00;0.00
6.15;41.00;0.00
0.68;9.00;0.00
8.23;47.00;0.00
1.77;39.00;0.00
0.00;48.00;0.00
3.09;9.00;0.00
8.06;15.00;1.00
7.13;15.00;1.00
9.83;39.00;0.00
6.92;34.00;0.00
3.11;25.00;0.00
3.84;27.00;0.00
8.19;19.00;0.00
8.98;19.00;0.00
2.35;42.00;0.00
0.57;5.00;0.00
7.10;8.00;1.00
9.06;20.00;0.00
2.41;14.00;0.00
3.78;40.00;0.00
8.02;48.00;0.00
7.55;37.00;0.00
7.00;5.00;1.00
1.85;27.00;0.00
9.99;1.00;1.00
6.29;33.00;0.00
1.17;15.00;0.00
3.74;43.00;0.00
0.15;19.00;0.00
2.80;32.00;0.00
8.38;35.00;0.00
2.39;32.00;0.00
3.24;24.00;0.00
3.12;21.00;0.00
9.93;27.00;0.00
0.56;38.00;0.00
5.64;49.00;0.00
1.82;35.00;0.00
2.13;13.00;0.00
8.33;49.00;0.00
7.25;32.00;0.00
0.43;15.00;0.00
2.02;22.00;0.00
1.32;19.00;0.00
9.80;25.00;0.00
4.07;5.00;0.00
6.36;31.00;0.00
9.90;12.00;1.00
2.96;10.00;0.00
9.11;13.00;1.00
8.31;49.00;0.00
6.84;7.00;1.00
9.28;46.00;0.00
9.68;5.00;1.00
9.57;35.00;0.00
2.09;19.00;0.00
3.52;27.00;0.00
1.68;14.00;0.00
7.70;23.00;0.00
8.93;22.00;0.00
0.65;41.00;0.00
2.18;39.00;0.00
4.10;12.00;0.00
1.38;34.00;0.00
7.23;23.00;0.00
5.14;20.00;0.00
8.01;49.00;0.00
1.00;1.00;0.00
3.92;17.00;0.00
2.08;39.00;0.00
6.89;9.00;1.00
9.75;6.00;1.00
2.72;22.00;0.00
4.79;12.00;0.00
3.06;41.00;0.00
0.95;44.00;0.00
4.69;29.00;0.00
3.37;39.00;0.00
0.85;46.00;0.00
6.38;5.00;1.00
9.65;40.00;0.00
0.80;7.00;0.00
0.75;11.00;0.00
8.40;48.00;0.00
3.61;28.00;0.00
6.73;38.00;0.00
0.65;46.00;0.00
4.57;10.00;0.00
9.96;27.00;0.00
7.73;34.00;0.00
8.70;9.00;1.00
3.26;39.00;0.00
4.70;14.00;0.00
3.82;10.00;0.00
3.35;23.00;0.00
1.62;0.00;0.00
8.44;10.00;1.00
9.29;17.00;1.00
8.30;29.00;0.00
2.62;37.00;0.00
4.91;4.00;0.00
4.25;30.00;0.00
7.37;38.00;0.00
8.79;34.00;0.00
1.38;23.00;0.00
2.18;13.00;0.00
8.36;3.00;1.00
6.92;26.00;0.00
4.55;17.00;0.00
9.35;17.00;1.00
7.26;5.00;1.00
9.97;23.00;0.00
0.47;49.00;0.00
8.05;23.00;0.00
8.35;45.00;0.00
5.17;31.00;0.00
3.54;9.00;0.00
3.79;45.00;0.00
4.79;14.00;0.00
7.35;27.00;0.00
7.43;6.00;1.00
1.58;22.00;0.00
6.86;7.00;1.00
2.85;38.00;0.00
9.42;17.00;1.00
2.37;7.00;0.00
8.92;25.00;0.00
2.79;38.00;0.00
4.65;23.00;0.00
9.83;1.00;1.00
5.45;23.00;0.00
3.91;40.00;0.00
8.32;25.00;0.00
1.32;25.00;0.00
7.55;36.00;0.00
5.17;0.00;0.00
3.54;32.00;0.00
7.99;20.00;0.00
3.79;10.00;0.00
9.72;5.00;1.00
6.63;43.00;0.00
3.85;47.00;0.00
3.75;47.00;0.00
5.65;34.00;0.00
9.87;34.00;0.00
6.62;41.00;0.00
4.03;7.00;0.00
8.51;43.00;0.00
8.13;23.00;0.00
9.02;5.00;1.00
2.51;3.00;0.00
2.80;3.00;0.00
1.06;11.00;0.00
5.95;43.00;0.00
2.75;31.00;0.00
2.92;11.00;0.00
2.48;30.00;0.00
2.69;12.00;0.00
5.15;42.00;0.00
1.92;46.00;0.00
5.29;24.00;0.00
4.52;28.00;0.00
0.65;37.00;0.00
7.82;44.00;0.00
4.42;43.00;0.00
8.14;2.00;1.00
9.57;10.00;1.00
7.14;45.00;0.00
3.01;36.00;0.00
0.99;33.00;0.00
5.32;42.00;0.00
3.49;3.00;0.00
4.45;49.00;0.00
6.63;24.00;0.00
8.75;37.00;0.00
5.78;18.00;0.00
9.40;47.00;0.00
8.02;9.00;1.00
2.80;5.00;0.00
6.75;8.00;1.00
4.01;12.00;0.00
0.15;22.00;0.00
7.44;20.00;0.00
0.48;16.00;0.00
2.66;18.00;0.00
9.83;2.00;1.00
8.47;26.00;0.00
3.60;1.00;0.00
3.84;18.00;0.00
6.67;13.00;1.00
2.08;15.00;0.00
7.96;5.00;1.00
0.46;32.00;0.00
4.63;46.00;0.00
6.25;24.00;0.00
1.95;34.00;0.00
3.90;25.00;0.00
7.42;22.00;0.00
1.89;47.00;0.00
8.65;38.00;0.00
3.55;35.00;0.00
3.59;46.00;0.00
9.47;3.00;1.00
4.36;4.00;0.00
4.33;5.00;0.00
5.09;7.00;0.00
0.15;12.00;0.00
8.77;0.00;1.00
4.39;45.00;0.00
2.92;31.00;0.00
6.35;18.00;1.00
6.79;4.00;1.00
9.11;28.00;0.00
3.31;48.00;0.00
9.25;19.00;0.00
5.78;49.00;0.00
0.31;42.00;0.00
5.69;39.00;0.00
4.30;43.00;0.00
5.85;13.00;0.00
2.79;3.00;0.00
0.63;37.00;0.00
8.92;49.00;0.00
0.13;19.00;0.00
8.86;24.00;0.00
4.29;32.00;0.00
6.43;19.00;0.00
6.77;33.00;0.00
0.79;35.00;0.00
4.75;22.00;0.00
0.03;34.00;0.00
9.06;35.00;0.00
7.51;13.00;1.00
8.17;14.00;1.00
8.61;7.00;1.00
9.12;5.00;1.00
2.04;0.00;0.00
5.84;49.00;0.00
7.80;48.00;0.00
8.31;24.00;0.00
0.39;48.00;0.00
8.11;4.00;1.00
1.71;26.00;0.00
4.04;33.00;0.00
6.98;14.00;1.00
4.45;25.00;0.00
0.56;18.00;0.00
5.32;35.00;0.00
2.77;40.00;0.00
9.53;28.00;0.00
5.97;46.00;0.00
9.03;43.00;0.00
1.45;4.00;0.00
9.97;35.00;0.00
1.49;37.00;0.00
9.92;23.00;0.00
6.16;41.00;0.00
3.17;14.00;0.00
4.01;15.00;0.00
6.09;28.00;0.00
6.27;24.00;0.00
6.55;7.00;1.00
8.22;21.00;0.00
7.76;13.00;1.00
1.08;38.00;0.00
1.63;24.00;0.00
7.62;27.00;0.00
0.24;37.00;0.00
9.99;1.00;1.00
0.65;14.00;0.00
0.04;1.00;0.00
0.20;17.00;0.00
4.06;49.00;0.00
0.69;21.00;0.00
0.73;29.00;0.00
0.83;47.00;0.00
0.42;16.00;0.00
5.84;12.00;0.00
6.58;47.00;0.00
9.41;40.00;0.00
9.16;34.00;0.00
3.50;30.00;0.00
1.12;42.00;0.00
4.14;34.00;0.00
9.08;14.00;1.00
6.89;39.00;0.00
8.48;28.00;0.00
2.57;26.00;0.00
1.43;6.00;0.00
9.93;19.00;0.00
3.83;11.00;0.00
2.30;44.00;0.00
1.02;24.00;0.00
3.09;37.00;0.00
7.41;27.00;0.00
9.58;29.00;0.00
1.78;29.00;0.00
1.09;40.00;0.00
6.59;15.00;1.00
9.68;46.00;0.00
6.83;9.00;1.00
0.52;6.00;0.00
5.29;45.00;0.00
8.02;37.00;0.00
3.69;45.00;0.00
0.65;36.00;0.00
1.00;33.00;0.00
8.54;4.00;1.00
1.84;17.00;0.00
8.32;36.00;0.00
1.16;18.00;0.00
6.45;19.00;0.00
5.50;44.00;0.00
5.85;23.00;0.00
5.73;20.00;0.00
4.28;20.00;0.00
3.38;31.00;0.00
4.63;35.00;0.00
3.29;17.00;0.00
0.85;20.00;0.00
5.29;13.00;0.00
0.00;12.00;0.00
3.57;25.00;0.00
8.61;46.00;0.00
3.29;22.00;0.00
2.28;33.00;0.00
4.04;47.00;0.00
2.60;4.00;0.00
9.26;44.00;0.00
9.30;31.00;0.00
3.47;40.00;0.00
9.81;7.00;1.00
1.47;8.00;0.00
9.13;44.00;0.00
9.63;0.00;1.00
7.51;5.00;1.00
8.57;30.00;0.00
7.25;35.00;0.00
1.85;31.00;0.00
8.58;20.00;0.00
0.41;26.00;0.00
1.41;30.00;0.00
3.37;7.00;0.00
8.43;34.00;0.00
3.16;13.00;0.00
2.80;46.00;0.00
4.40;2.00;0.00
1.48;13.00;0.00
3.99;18.00;0.00
7.56;42.00;0.00
9.87;32.00;0.00
7.59;9.00;1.00
6.65;27.00;0.00
9.95;33.00;0.00
5.03;13.00;0.00
7.10;19.00;0.00
4.22;44.00;0.00
4.11;26.00;0.00
7.81;1.00;1.00
0.38;7.00;0.00
3.25;21.00;0.00
7.09;3.00;1.00
7.24;39.00;0.00
4.97;26.00;0.00
8.18;44.00;0.00
9.70;21.00;0.00
0.28;31.00;0.00
6.00;5.00;1.00
8.89;6.00;1.00
2.18;17.00;0.00
1.10;17.00;0.00
0.56;39.00;0.00
0.17;17.00;0.00
8.54;12.00;1.00
9.98;32.00;0.00
9.13;27.00;0.00
6.91;33.00;0.00
8.28;26.00;0.00
6.61;42.00;0.00
7.73;36.00;0.00
1.13;38.00;0.00
3.18;1.00;0.00
2.12;28.00;0.00
5.87;18.00;0.00
9.48;1.00;1.00
5.04;30.00;0.00
0.01;46.00;0.00
4.08;23.00;0.00
8.32;46.00;0.00
1.13;4.00;0.00
5.58;41.00;0.00
2.81;2.00;0.00
4.90;5.00;0.00
4.66;23.00;0.00
2.51;24.00;0.00
0.44;20.00;0.00
3.03;49.00;0.00
8.84;44.00;0.00
5.48;49.00;0.00
3.71;27.00;0.00
1.48;28.00;0.00
2.53;22.00;0.00
4.81;19.00;0.00
3.43;39.00;0.00
1.51;24.00;0.00
2.65;17.00;0.00
4.91;30.00;0.00
1.46;11.00;0.00
3.50;42.00;0.00
8.66;20.00;0.00
1.55;32.00;0.00
5.64;42.00;0.00
5.56;21.00;0.00
0.93;5.00;0.00
5.44;15.00;0.00
2.75;48.00;0.00
1.17;30.00;0.00
0.87;1.00;0.00
2.43;21.00;0.00
9.04;11.00;1.00
1.84;26.00;0.00
6.59;37.00;0.00
2.39;23.00;0.00
5.11;8.00;0.00
5.87;8.00;0.00
0.89;21.00;0.00
2.30;6.00;0.00
8.70;39.00;0.00
0.33;13.00;0.00
8.17;29.00;0.00
8.20;15.00;1.00
7.46;1.00;1.00
8.29;0.00;1.00
3.42;43.00;0.00
3.46;22.00;0.00
4.13;5.00;0.00
3.35;27.00;0.00
0.64;48.00;0.00
8.05;37.00;0.00
4.38;43.00;0.00
9.07;13.00;1.00
6.03;12.00;1.00
7.72;19.00;0.00
3.46;27.00;0.00
5.61;43.00;0.00
8.85;16.00;1.00
4.90;13.00;0.00
3.68;32.00;0.00
6.74;4.00;1.00
2.11;15.00;0.00
0.85;30.00;0.00
4.03;39.00;0.00
4.68;43.00;0.00
1.81;0.00;0.00
2.58;43.00;0.00
5.83;38.00;0.00
0.61;7.00;0.00
7.80;40.00;0.00
6.70;20.00;0.00
0.24;4.00;0.00
4.28;2.00;0.00
6.06;25.00;0.00
9.80;3.00;1.00
7.10;12.00;1.00
8.60;22.00;0.00
6.63;12.00;1.00
6.17;14.00;1.00
8.35;46.00;0.00
5.02;30.00;0.00
8.79;23.00;0.00
8.37;43.00;0.00
8.52;45.00;0.00
4.00;46.00;0.00
3.59;39.00;0.00
0.53;3.00;0.00
5.20;30.00;0.00
0.69;21.00;0.00
3.05;14.00;0.00
4.74;21.00;0.00
4.03;9.00;0.00
0.52;26.00;0.00
2.10;35.00;0.00
5.21;42.00;0.00
9.74;17.00;1.00
9.85;24.00;0.00
5.96;37.00;0.00
3.35;11.00;0.00
7.98;34.00;0.00
2.89;6.00;0.00
8.82;45.00;0.00
6.48;8.00;1.00
4.17;38.00;0.00
7.35;17.00;1.00
8.15;17.00;1.00
8.62;36.00;0.00
4.67;49.00;0.00
0.38;22.00;0.00
7.09;26.00;0.00
5.21;47.00;0.00
1.41;39.00;0.00
9.72;0.00;1.00
2.61;12.00;0.00
8.37;6.00;1.00
5.02;27.00;0.00
6.19;2.00;1.00
1.49;37.00;0.00
9.91;33.00;0.00
4.73;11.00;0.00
9.04;12.00;1.00
0.17;11.00;0.00
1.38;45.00;0.00
4.46;2.00;0.00
6.43;7.00;1.00
5.88;38.00;0.00
9.00;21.00;0.00
0.17;31.00;0.00
6.44;31.00;0.00
9.75;38.00;0.00
9.89;46.00;0.00
2.73;11.00;0.00
3.65;30.00;0.00
2.28;19.00;0.00
1.06;34.00;0.00
6.78;49.00;0.00
4.95;31.00;0.00
6.24;8.00;1.00
4.23;15.00;0.00
0.77;40.00;0.00
7.09;41.00;0.00
3.99;36.00;0.00
3.58;15.00;0.00
4.96;0.00;0.00
8.75;42.00;0.00
7.29;15.00;1.00
0.34;32.00;0.00
5.35;32.00;0.00
2.29;26.00;0.00
2.04;15.00;0.00
4.58;3.00;0.00
8.41;14.00;1.00
6.04;43.00;0.00
6.80;8.00;1.00
0.78;49.00;0.00
8.12;39.00;0.00
4.01;40.00;0.00
3.66;7.00;0.00
1.84;11.00;0.00
8.08;8.00;1.00
2.47;46.00;0.00
0.78;7.00;0.00
8.49;42.00;0.00
4.76;15.00;0.00
8.01;7.00;1.00
7.81;6.00;1.00
6.06;21.00;0.00
2.99;23.00;0.00
1.01;17.00;0.00
8.71;38.00;0.00
7.36;19.00;0.00
7.81;48.00;0.00
3.86;22.00;0.00
7.06;25.00;0.00
2.26;5.00;0.00
3.94;40.00;0.00
4.31;7.00;0.00
9.81;36.00;0.00
4.70;33.00;0.00
0.72;20.00;0.00
2.02;7.00;0.00
9.77;36.00;0.00
2.34;14.00;0.00
6.97;5.00;1.00
3.39;8.00;0.00
3.44;35.00;0.00
1.41;45.00;0.00
9.83;29.00;0.00
1.61;27.00;0.00
0.77;7.00;0.00
2.31;32.00;0.00
6.57;24.00;0.00
0.55;4.00;0.00
5.99;17.00;0.00
8.66;49.00;0.00
0.76;13.00;0.00
2.89;2.00;0.00
2.60;6.00;0.00
9.26;8.00;1.00
2.23;4.00;0.00
0.24;29.00;0.00
0.91;19.00;0.00
0.60;34.00;0.00
0.89;41.00;0.00
1.70;16.00;0.00
8.64;29.00;0.00
8.13;11.00;1.00
2.54;37.00;0.00
7.62;27.00;0.00
6.38;1.00;1.00
2.97;37.00;0.00
5.61;2.00;0.00
1.68;9.00;0.00
8.16;36.00;0.00
4.39;15.00;0.00
7.40;9.00;1.00
5.23;25.00;0.00
6.33;22.00;0.00
9.55;45.00;0.00
8.08;37.00;0.00
9.09;45.00;0.00
3.46;35.00;0.00
4.92;23.00;0.00
2.69;46.00;0.00
5.87;8.00;0.00
2.14;33.00;0.00
1.03;12.00;0.00
0.10;6.00;0.00
6.39;14.00;1.00
2.32;14.00;0.00
0.00;38.00;0.00
8.76;43.00;0.00
6.02;21.00;0.00
8.44;5.00;1.00
1.63;7.00;0.00
7.20;47.00;0.00
8.00;6.00;1.00
2.14;34.00;0.00
1.29;18.00;0.00
3.45;15.00;0.00
7.70;3.00;1.00
7.39;17.00;1.00
1.12;48.00;0.00
9.85;36.00;0.00
5.31;19.00;0.00
2.52;16.00;0.00
0.94;21.00;0.00
2.88;0.00;0.00
2.27;5.00;0.00
3.09;35.00;0.00
7.51;25.00;0.00
6.57;47.00;0.00
7.77;23.00;0.00
1.67;2.00;0.00
4.01;7.00;0.00
7.38;44.00;0.00
1.74;41.00;0.00
2.55;38.00;0.00
0.51;34.00;0.00
0.79;10.00;0.00
8.92;26.00;0.00
9.83;12.00;1.00
8.10;39.00;0.00
8.53;35.00;0.00
3.40;35.00;0.00
3.67;8.00;0.00
9.32;14.00;1.00
5.67;32.00;0.00
8.31;21.00;0.00
8.22;42.00;0.00
8.85;39.00;0.00
0.14;23.00;0.00
2.81;35.00;0.00
7.46;13.00;1.00
9.93;33.00;0.00
7.48;6.00;1.00
0.52;48.00;0.00
3.78;36.00;0.00
5.82;3.00;0.00
9.07;47.00;0.00
6.40;10.00;1.00
2.91;38.00;0.00
2.97;41.00;0.00
3.88;32.00;0.00
5.24;34.00;0.00
5.30;22.00;0.00
4.11;38.00;0.00
8.44;23.00;0.00
9.93;34.00;0.00
7.55;2.00;1.00
7.37;39.00;0.00
8.96;20.00;0.00
1.33;38.00;0.00
2.95;35.00;0.00
8.87;21.00;0.00
8.44;31.00;0.00
4.68;1.00;0.00
6.62;33.00;0.00
8.14;33.00;0.00
5.81;23.00;0.00
9.80;30.00;0.00
6.17;15.00;1.00
8.02;10.00;1.00
9.05;38.00;0.00
5.88;42.00;0.00
9.93;20.00;0.00
3.34;11.00;0.00
5.53;42.00;0.00
9.11;8.00;1.00
3.57;34.00;0.00
5.91;48.00;0.00
6.59;32.00;0.00
6.52;36.00;0.00
1.22;36.00;0.00
2.31;37.00;0.00
4.69;28.00;0.00
5.56;24.00;0.00
3.29;9.00;0.00
8.89;20.00;0.00
9.19;1.00;1.00
3.52;37.00;0.00
8.76;34.00;0.00
8.38;4.00;1.00
4.05;34.00;0.00
2.44;33.00;0.00
4.74;25.00;0.00
5.62;39.00;0.00
3.66;13.00;0.00
9.70;6.00;1.00
6.87;9.00;1.00
2.82;22.00;0.00
6.29;5.00;1.00
7.42;42.00;0.00
2.59;18.00;0.00
7.92;28.00;0.00
1.34;4.00;0.00
1.38;24.00;0.00
4.93;26.00;0.00
2.42;41.00;0.00
8.36;28.00;0.00
9.74;32.00;0.00
0.37;28.00;0.00
6.79;6.00;1.00
1.03;15.00;0.00
4.71;30.00;0.00
5.71;12.00;0.00
0.29;21.00;0.00
4.18;24.00;0.00
1.41;9.00;0.00
8.42;31.00;0.00
5.10;45.00;0.00
4.50;11.00;0.00
5.93;40.00;0.00
4.03;10.00;0.00
5.99;27.00;0.00
4.76;16.00;0.00
1.93;6.00;0.00
9.52;11.00;1.00
5.69;16.00;0.00
1.43;16.00;0.00
5.12;42.00;0.00
6.96;37.00;0.00
2.72;32.00;0.00
6.00;30.00;0.00
9.91;43.00;0.00
8.98;32.00;0.00
5.86;17.00;0.00
3.46;11.00;0.00
7.21;49.00;0.00
1.31;39.00;0.00
0.01;7.00;0.00
4.48;13.00;0.00
3.01;24.00;0.00
4.20;37.00;0.00
3.49;10.00;0.00
6.52;11.00;1.00
1.83;19.00;0.00
0.65;9.00;0.00
5.12;28.00;0.00
4.69;35.00;0.00
9.19;3.00;1.00
0.95;29.00;0.00
4.25;17.00;0.00
7.90;35.00;0.00
4.31;21.00;0.00
0.53;27.00;0.00
4.81;25.00;0.00
6.41;36.00;0.00
4.57;24.00;0.00
7.14;7.00;1.00
3.95;22.00;0.00
5.73;30.00;0.00
3.61;42.00;0.00
3.49;13.00;0.00
1.07;21.00;0.00
2.21;18.00;0.00
8.27;39.00;0.00
1.74;13.00;0.00
3.20;19.00;0.00
8.47;36.00;0.00
5.13;39.00;0.00
3.47;28.00;0.00
9.12;5.00;1.00
4.03;3.00;0.00
4.60;20.00;0.00
9.23;37.00;0.00
9.77;31.00;0.00
2.60;12.00;0.00
6.33;39.00;0.00
6.19;25.00;0.00
3.99;19.00;0.00
8.98;7.00;1.00
9.15;9.00;1.00
8.44;7.00;1.00
9.13;40.00;0.00
3.44;16.00;0.00
8.43;22.00;0.00
3.02;24.00;0.00
8.27;31.00;0.00
3.11;45.00;0.00
9.29;15.00;1.00
3.24;27.00;0.00
2.01;17.00;0.00
8.58;37.00;0.00
3.34;29.00;0.00
8.67;44.00;0.00
5.40;23.00;0.00
4.20;20.00;0.00
2.81;12.00;0.00
6.74;13.00;1.00
5.70;25.00;0.00
3.06;44.00;0.00
8.15;6.00;1.00
7.84;24.00;0.00
1.34;47.00;0.00
6.91;10.00;1.00
7.27;49.00;0.00
0.37;12.00;0.00
3.17;7.00;0.00
1.41;29.00;0.00
3.27;46.00;0.00
9.34;25.00;0.00
1.83;27.00;0.00
8.47;32.00;0.00
5.28;31.00;0.00
0.00;19.00;0.00
1.40;34.00;0.00
3.51;39.00;0.00
4.05;33.00;0.00
7.56;28.00;0.00
3.80;27.00;0.00
3.89;33.00;0.00
3.95;18.00;0.00
0.05;12.00;0.00
0.34;34.00;0.00
2.17;44.00;0.00
2.42;2.00;0.00
6.07;3.00;1.00
4.68;22.00;0.00
7.41;39.00;0.00
4.14;0.00;0.00
3.37;1.00;0.00
4.06;2.00;0.00
3.25;27.00;0.00
9.23;48.00;0.00
2.52;3.00;0.00
4.31;16.00;0.00
1.36;14.00;0.00
4.75;0.00;0.00
0.22;44.00;0.00
1.70;43.00;0.00
2.40;9.00;0.00
6.58;35.00;0.00
9.80;19.00;0.00
9.88;40.00;0.00
5.09;36.00;0.00
4.62;43.00;0.00
9.41;39.00;0.00
6.72;11.00;1.00
4.92;28.00;0.00
3.04;5.00;0.00
1.91;31.00;0.00
1.64;13.00;0.00
6.66;10.00;1.00
2.79;36.00;0.00
0.36;8.00;0.00
1.20;27.00;0.00
2.21;38.00;0.00
5.73;32.00;0.00
4.75;41.00;0.00
3.42;9.00;0.00
1.77;24.00;0.00
8.59;21.00;0.00
8.34;37.00;0.00
2.78;37.00;0.00
1.54;27.00;0.00
3.36;5.00;0.00
1.77;6.00;0.00
8.77;12.00;1.00
1.98;40.00;0.00
7.76;42.00;0.00
7.63;40.00;0.00
1.84;35.00;0.00
0.63;17.00;0.00
2.07;17.00;0.00
6.60;3.00;1.00
3.45;37.00;0.00
8.45;10.00;1.00
2.47;39.00;0.00
6.17;29.00;0.00
0.10;18.00;0.00
5.75;34.00;0.00
2.65;23.00;0.00
5.57;6.00;0.00
2.34;18.00;0.00
9.29;12.00;1.00
5.89;6.00;0.00
1.33;45.00;0.00
3.88;45.00;0.00
8.34;31.00;0.00
2.79;48.00;0.00
1.40;41.00;0.00
4.42;4.00;0.00
6.81;9.00;1.00
5.05;4.00;0.00
0.26;31.00;0.00
1.14;1.00;0.00
2.08;41.00;0.00
3.99;22.00;0.00
5.11;0.00;0.00
4.48;13.00;0.00
5.59;6.00;0.00
2.01;5.00;0.00
0.63;29.00;0.00
2.53;6.00;0.00
4.23;1.00;0.00
5.61;13.00;0.00
4.10;10.00;0.00
9.34;1.00;1.00
4.04;44.00;0.00
4.94;30.00;0.00
9.18;19.00;0.00
5.46;23.00;0.00
1.28;7.00;0.00
8.38;38.00;0.00
4.49;12.00;0.00
6.78;31.00;0.00
7.52;32.00;0.00
9.70;30.00;0.00
2.09;44.00;0.00
2.09;20.00;0.00
4.55;7.00;0.00
0.80;34.00;0.00
2.54;27.00;0.00
6.47;38.00;0.00
0.48;42.00;0.00
7.32;25.00;0.00
8.00;1.00;1.00
6.82;5.00;1.00
0.05;12.00;0.00
9.96;33.00;0.00
6.89;14.00;1.00
4.84;45.00;0.00
0.22;46.00;0.00
0.19;2.00;0.00
5.79;26.00;0.00
0.00;8.00;0.00
8.61;29.00;0.00
5.66;2.00;0.00
9.88;34.00;0.00
6.95;26.00;0.00
3.96;44.00;0.00
8.55;1.00;1.00
8.12;44.00;0.00
9.57;7.00;1.00
3.10;46.00;0.00
0.47;17.00;0.00
2.38;33.00;0.00
3.20;23.00;0.00
4.95;35.00;0.00
6.82;1.00;1.00
7.12;18.00;1.00
0.22;35.00;0.00
8.67;35.00;0.00
2.00;17.00;0.00
7.56;45.00;0.00
6.33;6.00;1.00
8.36;1.00;1.00
2.56;33.00;0.00
9.86;43.00;0.00
2.57;9.00;0.00
1.21;29.00;0.00
5.11;43.00;0.00
9.17;27.00;0.00
4.21;12.00;0.00
6.98;36.00;0.00
7.16;4.00;1.00
6.50;2.00;1.00
6.54;10.00;1.00
3.54;47.00;0.00
4.50;40.00;0.00
9.11;16.00;1.00
1.29;43.00;0.00
5.22;1.00;0.00
7.38;4.00;1.00
7.30;22.00;0.00
5.34;25.00;0.00
9.27;35.00;0.00
5.93;29.00;0.00
1.35;5.00;0.00
5.07;42.00;0.00
6.58;48.00;0.00
2.55;9.00;0.00
5.03;15.00;0.00
0.23;41.00;0.00
0.06;2.00;0.00
5.88;37.00;0.00
5.39;14.00;0.00
4.45;47.00;0.00
0.32;18.00;0.00
1.19;10.00;0.00
1.38;6.00;0.00
7.17;35.00;0.00
6.04;49.00;0.00
6.47;46.00;0.00
3.31;42.00;0.00
9.75;49.00;0.00
4.57;26.00;0.00
7.07;1.00;1.00
2.39;16.00;0.00
0.67;17.00;0.00
1.92;5.00;0.00
3.60;28.00;0.00
7.10;1.00;1.00
1.15;46.00;0.00
3.23;24.00;0.00
5.30;8.00;0.00
5.09;30.00;0.00
1.06;1.00;0.00
2.37;15.00;0.00
7.58;41.00;0.00
8.68;43.00;0.00
4.15;38.00;0.00
6.21;46.00;0.00
8.72;10.00;1.00
7.89;40.00;0.00
5.96;44.00;0.00
7.37;22.00;0.00
5.22;3.00;0.00
2.52;7.00;0.00
9.52;34.00;0.00
7.63;23.00;0.00
1.41;7.00;0.00
3.46;13.00;0.00
4.17;44.00;0.00
8.46;22.00;0.00
9.65;11.00;1.00
2.73;49.00;0.00
8.84;30.00;0.00
1.74;16.00;0.00
6.98;41.00;0.00
8.45;7.00;1.00
3.45;31.00;0.00
3.07;0.00;0.00
4.04;42.00;0.00
8.58;46.00;0.00
4.71;6.00;0.00
0.58;17.00;0.00
0.03;23.00;0.00
0.04;9.00;0.00
4.90;15.00;0.00
4.45;26.00;0.00
8.88;15.00;1.00
6.69;41.00;0.00
2.53;6.00;0.00
2.45;47.00;0.00
6.69;4.00;1.00
3.58;40.00;0.00
9.57;47.00;0.00
3.64;30.00;0.00
3.24;34.00;0.00
6.92;42.00;0.00
1.73;11.00;0.00
4.42;19.00;0.00
3.98;41.00;0.00
7.70;33.00;0.00
7.03;35.00;0.00
2.94;45.00;0.00
4.81;17.00;0.00
1.62;15.00;0.00
1.60;48.00;0.00
2.59;43.00;0.00
8.63;31.00;0.00
2.73;44.00;0.00
2.43;44.00;0.00
8.78;43.00;0.00
1.84;4.00;0.00
4.89;23.00;0.00
5.60;22.00;0.00
2.55;12.00;0.00
2.82;29.00;0.00
6.86;35.00;0.00
5.47;37.00;0.00
6.94;19.00;0.00
9.30;20.00;0.00
4.03;47.00;0.00
9.67;42.00;0.00
7.97;8.00;1.00
1.22;18.00;0.00
0.85;24.00;0.00
7.12;17.00;1.00
4.67;27.00;0.00
6.13;1.00;1.00
3.03;31.00;0.00
6.84;13.00;1.00
4.60;19.00;0.00
4.66;3.00;0.00
6.83;28.00;0.00
0.97;23.00;0.00
9.21;10.00;1.00
1.33;20.00;0.00
7.44;32.00;0.00
0.17;40.00;0.00
0.82;21.00;0.00
0.57;42.00;0.00
2.69;2.00;0.00
0.39;49.00;0.00
3.15;28.00;0.00
1.95;36.00;0.00
2.31;13.00;0.00
5.41;4.00;0.00
6.91;27.00;0.00
3.99;2.00;0.00
9.61;9.00;1.00
6.67;25.00;0.00
4.49;4.00;0.00
5.91;0.00;0.00
0.01;3.00;0.00
3.04;2.00;0.00
1.67;40.00;0.00
3.46;9.00;0.00
8.61;33.00;0.00
1.79;28.00;0.00
6.71;31.00;0.00
8.29;9.00;1.00
4.50;45.00;0.00
1.40;45.00;0.00
3.92;32.00;0.00
5.08;15.00;0.00
0.16;3.00;0.00
4.71;31.00;0.00
5.88;13.00;0.00
1.36;14.00;0.00
1.27;14.00;0.00
3.87;42.00;0.00
9.75;49.00;0.00
1.85;10.00;0.00
3.55;21.00;0.00
4.21;17.00;0.00
5.92;7.00;0.00
4.15;2.00;0.00
2.35;43.00;0.00
0.68;36.00;0.00
7.08;9.00;1.00
6.14;35.00;0.00
9.15;40.00;0.00
0.58;9.00;0.00
4.73;26.00;0.00
3.43;30.00;0.00
2.32;18.00;0.00
1.32;36.00;0.00
0.90;8.00;0.00
4.67;48.00;0.00
6.93;10.00;1.00
1.77;40.00;0.00
7.17;5.00;1.00
5.32;3.00;0.00
5.81;12.00;0.00
4.09;18.00;0.00
2.96;28.00;0.00
7.54;17.00;1.00
3.33;47.00;0.00
4.12;0.00;0.00
4.96;15.00;0.00
0.88;2.00;0.00
0.67;45.00;0.00
8.00;48.00;0.00
1.48;7.00;0.00
3.06;45.00;0.00
1.18;21.00;0.00
2.58;44.00;0.00
4.77;49.00;0.00
0.52;3.00;0.00
1.91;19.00;0.00
6.15;14.00;1.00
4.40;11.00;0.00
1.62;2.00;0.00
9.50;23.00;0.00
7.84;30.00;0.00
3.91;41.00;0.00
3.74;2.00;0.00
2.04;9.00;0.00
7.22;30.00;0.00
8.07;17.00;1.00
0.15;33.00;0.00
3.05;10.00;0.00
1.79;37.00;0.00
2.69;17.00;0.00
1.04;41.00;0.00
0.14;25.00;0.00
0.65;25.00;0.00
0.46;33.00;0.00
6.19;8.00;1.00
2.82;45.00;0.00
1.09;21.00;0.00
5.43;6.00;0.00
6.66;32.00;0.00
6.27;23.00;0.00
7.83;37.00;0.00
6.67;49.00;0.00
0.29;29.00;0.00
0.75;34.00;0.00
0.07;7.00;0.00
4.60;2.00;0.00
8.64;21.00;0.00
5.06;35.00;0.00
8.60;2.00;1.00
7.17;43.00;0.00
8.67;22.00;0.00
0.90;48.00;0.00
9.52;22.00;0.00
8.70;21.00;0.00
0.79;19.00;0.00
1.07;37.00;0.00
3.34;43.00;0.00
4.18;24.00;0.00
7.22;43.00;0.00
7.28;7.00;1.00
0.01;44.00;0.00
0.17;18.00;0.00
8.41;20.00;0.00
8.14;27.00;0.00
3.83;5.00;0.00
6.16;4.00;1.00
4.68;33.00;0.00
2.87;25.00;0.00
5.32;15.00;0.00
0.92;40.00;0.00
1.95;47.00;0.00
2.38;25.00;0.00
5.67;30.00;0.00
0.07;26.00;0.00
1.42;8.00;0.00
4.42;37.00;0.00
5.38;18.00;0.00
2.64;12.00;0.00
0.78;35.00;0.00
3.04;25.00;0.00
2.73;16.00;0.00
2.99;3.00;0.00
3.25;34.00;0.00
1.77;11.00;0.00
7.30;33.00;0.00
4.36;27.00;0.00
8.62;11.00;1.00
0.93;28.00;0.00
1.49;45.00;0.00
9.23;19.00;0.00
5.01;2.00;0.00
2.74;29.00;0.00
5.42;32.00;0.00
6.05;19.00;0.00
7.74;28.00;0.00
6.02;46.00;0.00
3.46;39.00;0.00
0.99;33.00;0.00
5.39;27.00;0.00
9.23;19.00;0.00
5.19;25.00;0.00
8.41;46.00;0.00
5.13;39.00;0.00
8.22;39.00;0.00
4.31;34.00;0.00
8.36;16.00;1.00
3.15;30.00;0.00
0.72;39.00;0.00
0.15;20.00;0.00
1.13;11.00;0.00
3.53;17.00;0.00
9.65;38.00;0.00
1.37;14.00;0.00
3.12;39.00;0.00
4.92;7.00;0.00
4.58;42.00;0.00
6.38;13.00;1.00
9.93;8.00;1.00
2.22;42.00;0.00
5.26;12.00;0.00
6.06;26.00;0.00
8.69;39.00;0.00
3.15;49.00;0.00
1.78;29.00;0.00
6.80;22.00;0.00
9.91;1.00;1.00
8.18;24.00;0.00
0.42;2.00;0.00
6.30;42.00;0.00
6.56;28.00;0.00
9.10;43.00;0.00
6.17;4.00;1.00
5.47;48.00;0.00
4.36;17.00;0.00
0.84;0.00;0.00
3.19;47.00;0.00
9.99;40.00;0.00
2.26;0.00;0.00
2.59;2.00;0.00
9.73;41.00;0.00
1.80;11.00;0.00
4.77;40.00;0.00
6.42;1.00;1.00
8.05;45.00;0.00
8.88;4.00;1.00
3.44;2.00;0.00
6.68;49.00;0.00
9.40;33.00;0.00
5.45;27.00;0.00
9.93;18.00;1.00
1.62;21.00;0.00
4.64;39.00;0.00
2.33;48.00;0.00
2.81;4.00;0.00
1.99;41.00;0.00
4.22;18.00;0.00
7.78;27.00;0.00
8.23;29.00;0.00
7.70;36.00;0.00
0.54;6.00;0.00
5.91;30.00;0.00
5.64;18.00;0.00
6.00;0.00;1.00
0.80;2.00;0.00
5.41;23.00;0.00
6.91;41.00;0.00
6.03;1.00;1.00
8.81;42.00;0.00
1.64;16.00;0.00
8.55;35.00;0.00
7.85;13.00;1.00
8.89;5.00;1.00
0.01;8.00;0.00
6.28;9.00;1.00
6.13;27.00;0.00
5.16;13.00;0.00
9.56;35.00;0.00
9.04;34.00;0.00
3.79;9.00;0.00
7.14;18.00;1.00
9.29;8.00;1.00
5.44;1.00;0.00
8.25;30.00;0.00
2.09;3.00;0.00
8.97;41.00;0.00
1.15;6.00;0.00
0.90;7.00;0.00
9.38;43.00;0.00
3.45;25.00;0.00
1.49;4.00;0.00
2.38;17.00;0.00
5.97;5.00;0.00
3.17;47.00;0.00
4.23;44.00;0.00
5.90;27.00;0.00
0.85;21.00;0.00
2.24;41.00;0.00
2.78;34.00;0.00
3.71;13.00;0.00
3.77;41.00;0.00
6.88;30.00;0.00
5.69;1.00;0.00
3.22;1.00;0.00
3.66;45.00;0.00
8.61;2.00;1.00
7.44;36.00;0.00
3.74;4.00;0.00
9.25;31.00;0.00
1.30;13.00;0.00
1.28;34.00;0.00
9.20;3.00;1.00
8.91;24.00;0.00
7.44;37.00;0.00
2.88;34.00;0.00
1.23;27.00;0.00
1.74;18.00;0.00
3.41;48.00;0.00
6.02;35.00;0.00
8.00;2.00;1.00
6.81;44.00;0.00
6.69;14.00;1.00
7.14;29.00;0.00
0.62;39.00;0.00
6.51;4.00;1.00
5.07;40.00;0.00
6.80;46.00;0.00
5.55;18.00;0.00
5.66;40.00;0.00
9.03;49.00;0.00
9.50;49.00;0.00
5.93;31.00;0.00
3.55;8.00;0.00
3.23;6.00;0.00
0.13;20.00;0.00
0.92;18.00;0.00
2.69;9.00;0.00
1.46;3.00;0.00
4.95;26.00;0.00
7.70;14.00;1.00
0.10;47.00;0.00
0.95;39.00;0.00
9.52;13.00;1.00
7.75;11.00;1.00
1.99;38.00;0.00
5.56;42.00;0.00
1.70;38.00;0.00
5.95;3.00;0.00
2.88;24.00;0.00
4.19;20.00;0.00
2.16;44.00;0.00
1.60;43.00;0.00
2.76;4.00;0.00
9.16;48.00;0.00
5.22;3.00;0.00
1.31;9.00;0.00
5.26;15.00;0.00
8.35;5.00;1.00
4.96;48.00;0.00
7.15;7.00;1.00
6.08;49.00;0.00
8.13;3.00;1.00
1.17;14.00;0.00
0.94;17.00;0.00
4.06;10.00;0.00
0.52;33.00;0.00
3.51;37.00;0.00
3.76;30.00;0.00
4.38;29.00;0.00
9.22;14.00;1.00
3.14;29.00;0.00
0.69;9.00;0.00
7.91;34.00;0.00
9.83;3.00;1.00
4.89;33.00;0.00
6.02;38.00;0.00
9.32;7.00;1.00
6.05;3.00;1.00
1.99;29.00;0.00
4.69;39.00;0.00
0.80;25.00;0.00
0.22;26.00;0.00
2.24;14.00;0.00
0.78;1.00;0.00
1.63;24.00;0.00
7.50;45.00;0.00
4.04;24.00;0.00
5.59;46.00;0.00
8.13;29.00;0.00
7.76;17.00;1.00
1.87;39.00;0.00
6.09;16.00;1.00
6.12;23.00;0.00
8.76;35.00;0.00
7.34;14.00;1.00
9.80;10.00;1.00
5.31;9.00;0.00
8.18;22.00;0.00
9.15;11.00;1.00
9.20;22.00;0.00
7.62;35.00;0.00
7.56;2.00;1.00
9.68;19.00;0.00
7.22;0.00;1.00
9.87;46.00;0.00
2.28;9.00;0.00
1.27;9.00;0.00
6.40;0.00;1.00
8.49;32.00;0.00
9.85;20.00;0.00
9.79;26.00;0.00
8.76;19.00;0.00
6.49;5.00;1.00
9.16;2.00;1.00
3.15;4.00;0.00
4.48;5.00;0.00
6.24;39.00;0.00
3.01;17.00;0.00
3.31;28.00;0.00
9.01;17.00;1.00
8.66;1.00;1.00
9.32;1.00;1.00
0.28;23.00;0.00
6.72;1.00;1.00
7.55;22.00;0.00
8.62;7.00;1.00
3.90;43.00;0.00
4.52;16.00;0.00
8.69;42.00;0.00
9.47;4.00;1.00
